ID,Tựa đề,Link truyện,Phương thức dịch,Thể loại,Manga,Anime,CD,Ngôn ngữ gốc,Link ảnh,Tác giả,Họa sĩ,Kiểu trình bày,Tình trạng,Số like,Số từ,Số lượt đánh giá,Số lượt xem,Số lượt bình luận,Fname,ID người dịch,Người dịch,Link người dịch,ID nhóm dịch,Nhóm dịch,Link nhóm dịch,ID người tham gia,Người tham gia,Link người tham gia,Số tập,Số chương,Ngày bắt đầu,Tháng bắt đầu,Năm bắt đầu,Ngày cập nhật cuối,Tháng cập nhật cuối,Năm cập nhật cuối
1,Seirei Tsukai no Blade Dance,https://ln.hako.vn/truyen/1-seirei-tsukai-no-blade-dance,Truyện dịch,"['Action', 'Adventure', 'Comedy', 'Fantasy', 'Romance', 'Ecchi', 'Harem', 'School Life', 'Super Power', '']",Yes,Yes,Yes,japanese,https://i.docln.net/lightnovel/covers/s1-c4dd8ff5-552d-46ec-9945-529f9aa2d1b2-m.jpg,Shimizu Yuu,"Sakura Hanpen, Nimura Yuuji, Shimesada Kohada",light novel,Đã hoàn thành,2944.0,1071757,345.0,1695086,2256,NOT FOUND,39,medassin,https://ln.hako.vn/thanh-vien/39,3,Sonata no Koe,https://ln.hako.vn/nhom-dich/3-sonata-no-koe,NOT FOUND,NOT FOUND,NOT FOUND,21,272,11,11,2016,20,7,2020
10,Utsuro no Hako to Zero no Maria,https://ln.hako.vn/truyen/10-utsuro-no-hako-to-zero-no-maria,Truyện dịch,"['Drama', 'Mystery', 'Romance']",Not sure,Not sure,Not sure,japanese,https://3.bp.blogspot.com/-hGKnPrypenQ/WO2vaWFMeCI/AAAAAAAAJxw/9NXW2PRideY/w215/series_10.jpg,Mikage Eiji,Tetsuo (415),light novel,Tạm ngưng,889.0,333710,97.0,176429,60,Hakomari,1,EmbersGlow,https://ln.hako.vn/thanh-vien/1,8,Solarius,https://ln.hako.vn/nhom-dich/8-solarius,NOT FOUND,NOT FOUND,NOT FOUND,6,25,11,11,2016,11,11,2016
100,Accel World,https://ln.hako.vn/truyen/100-accel-world,Truyện dịch,"['Action', 'Harem', 'School Life', 'Science Fiction', 'Romance']",Not sure,Not sure,Not sure,japanese,https://4.bp.blogspot.com/--os7wMK9P4s/WO2voFt9vWI/AAAAAAAAJ3Y/KWLps1EnLsA/w215/series_100.jpg,Reki Kawahara,HIMA,light novel,Tạm ngưng,119.0,90591,6.0,59880,5,NOT FOUND,1,EmbersGlow,https://ln.hako.vn/thanh-vien/1,3,Sonata no Koe,https://ln.hako.vn/nhom-dich/3-sonata-no-koe,NOT FOUND,NOT FOUND,NOT FOUND,2,14,11,11,2016,11,11,2016
101,Psycho Love Comedy,https://ln.hako.vn/truyen/101-psycho-love-comedy,Truyện dịch,"['Comedy', 'Harem', 'School Life', 'Romance']",Not sure,Not sure,Not sure,japanese,https://3.bp.blogspot.com/-U-8GY0KgPl8/WO2voco_moI/AAAAAAAAJ3c/nXe2N_R0oi8/w215/series_101.jpg,Mizuki Mizushiro,Namanie,light novel,Đang tiến hành,237.0,47955,10.0,36570,5,Psycome,1,EmbersGlow,https://ln.hako.vn/thanh-vien/1,3,Sonata no Koe,https://ln.hako.vn/nhom-dich/3-sonata-no-koe,NOT FOUND,NOT FOUND,NOT FOUND,1,6,11,11,2016,14,11,2016
102,A Simple Survey,https://ln.hako.vn/truyen/102-a-simple-survey,Truyện dịch,"['Horror', 'Mystery', 'Supernatural', 'Fantasy', 'Science Fiction', 'Suspense']",Not sure,Not sure,Not sure,japanese,https://4.bp.blogspot.com/-51uQTKpqfuM/WO2voaewtBI/AAAAAAAAJ3g/e_cgICaHg2E/w215/series_102.jpg,Kamachi Kazuma,Haimura Kiyotaka,light novel,Đã hoàn thành,85.0,82382,7.0,71762,15,NOT FOUND,1,EmbersGlow,https://ln.hako.vn/thanh-vien/1,3,Sonata no Koe,https://ln.hako.vn/nhom-dich/3-sonata-no-koe,NOT FOUND,NOT FOUND,NOT FOUND,1,34,11,11,2016,11,11,2016
103,Clockwork Planet,https://ln.hako.vn/truyen/103-clockwork-planet,Truyện dịch,"['Drama', 'Fantasy', 'Science Fiction', 'Romance']",Not sure,Not sure,Not sure,japanese,https://3.bp.blogspot.com/-Qk43JAE0jc4/WO2vok5IpZI/AAAAAAAAJ3k/8VMRjGjzYpQ/w215/series_103.jpg,Tsubaki Himana,Shino,light novel,Đang tiến hành,167.0,40130,10.0,36306,4,クロックワーク・プラネット,1,EmbersGlow,https://ln.hako.vn/thanh-vien/1,3,Sonata no Koe,https://ln.hako.vn/nhom-dich/3-sonata-no-koe,NOT FOUND,NOT FOUND,NOT FOUND,2,5,11,11,2016,1,6,2017
104,All you need is kill,https://ln.hako.vn/truyen/104-all-you-need-is-kill,Truyện dịch,"['Science Fiction', 'Action', 'Mecha', 'Mystery', 'Tragedy', 'Romance', 'Psychological', '']",Not sure,Not sure,Not sure,japanese,https://4.bp.blogspot.com/-ozcZ84PVYDc/WO2voloYBAI/AAAAAAAAJ3o/sEHkYDWXlPo/w215/series_104.jpg,Hiroshi Sakurazaka,"Takeshi Obata, Yoshitoshi ABe",light novel,Đã hoàn thành,103.0,75053,17.0,42706,17,Chỉ việc giết là được,1,EmbersGlow,https://ln.hako.vn/thanh-vien/1,3,Sonata no Koe,https://ln.hako.vn/nhom-dich/3-sonata-no-koe,NOT FOUND,NOT FOUND,NOT FOUND,1,5,11,11,2016,11,11,2016
108,Yahari Ore no Seishun Love Come wa Machigatteiru,https://ln.hako.vn/truyen/108-yahari-ore-no-seishun-love-come-wa-machigatteiru,Truyện dịch,"['Comedy', 'Drama', 'School Life', 'Slice of Life', 'Romance']",Not sure,Not sure,Not sure,japanese,https://4.bp.blogspot.com/-A0dOLNHLzh0/WO2vpMSXOCI/AAAAAAAAJ34/wd8BcI9CSQk/w215/series_108.jpg,Wataru Watari,Ponkan⑧,light novel,Đang tiến hành,540.0,348338,0,267496,43,OreGairu,1,EmbersGlow,https://ln.hako.vn/thanh-vien/1,3,Sonata no Koe,https://ln.hako.vn/nhom-dich/3-sonata-no-koe,NOT FOUND,NOT FOUND,NOT FOUND,14,41,11,11,2016,27,11,2016
11,Fate/Zero,https://ln.hako.vn/truyen/11-fatezero,Truyện dịch,"['Action', 'Fantasy', 'Supernatural', 'Drama']",Not sure,Not sure,Not sure,japanese,https://3.bp.blogspot.com/-_XopZx9lUR4/WO2vafVT-KI/AAAAAAAAJx0/Q517v3HEEkE/w215/series_11.jpg,Gen Urobuchi,Takeuchi Takashi,light novel,Đã hoàn thành,190.0,366178,16.0,111831,22,NOT FOUND,2,Hako-chan,https://ln.hako.vn/thanh-vien/2,9,Vnsharing,https://ln.hako.vn/nhom-dich/9-vnsharing,NOT FOUND,NOT FOUND,NOT FOUND,5,27,11,11,2016,22,8,2017
110,Chuunibyou Demo Koi ga Shitai!,https://ln.hako.vn/truyen/110-chuunibyou-demo-koi-ga-shitai,Truyện dịch,"['Comedy', 'School Life', 'Romance']",Not sure,Not sure,Not sure,japanese,https://3.bp.blogspot.com/-S2uybvDGrVY/WO2vpSWFz1I/AAAAAAAAJ4A/pU-XYCWz5Tk/w215/series_110.jpg,Torako,Nozomi Ousaka,light novel,Đang tiến hành,270.0,208476,22.0,89210,24,Cuồng dâm sinh hoang tưởng vẫn muốn hưởng tình yêu,1,EmbersGlow,https://ln.hako.vn/thanh-vien/1,3,Sonata no Koe,https://ln.hako.vn/nhom-dich/3-sonata-no-koe,3855,Zennomi,https://ln.hako.vn/thanh-vien/3855,3,36,11,11,2016,26,12,2018
116,Oda Nobuna no Yabou,https://ln.hako.vn/truyen/116-oda-nobuna-no-yabou,Truyện dịch,"['Comedy', 'Romance']",Not sure,Not sure,Not sure,japanese,https://i.docln.net/lightnovel/covers/s116-7c13572d-e4fd-4248-8498-c555398a2175-m.jpg,Kasuga Mikage,Miyama-Zero,light novel,Đang tiến hành,122.0,91861,6.0,40953,20,"織田信奈の野望
Oda Nobuna's Ambition",1,EmbersGlow,https://ln.hako.vn/thanh-vien/1,9,Vnsharing,https://ln.hako.vn/nhom-dich/9-vnsharing,NOT FOUND,NOT FOUND,NOT FOUND,17,9,11,11,2016,28,11,2016
118,Gundam Sentinel,https://ln.hako.vn/truyen/118-gundam-sentinel,Truyện dịch,"['Action', 'Mecha']",Not sure,Not sure,Not sure,japanese,https://1.bp.blogspot.com/-5LzfSRVT-zM/WO2vqqO1UvI/AAAAAAAAJ4g/VKTeRgF4DM0/w215/series_118.jpg,Masaya Takahashi,NOT FOUND,light novel,Đã hoàn thành,19.0,87361,5.0,42250,4,NOT FOUND,1,EmbersGlow,https://ln.hako.vn/thanh-vien/1,3,Sonata no Koe,https://ln.hako.vn/nhom-dich/3-sonata-no-koe,NOT FOUND,NOT FOUND,NOT FOUND,2,25,11,11,2016,11,11,2016
12,"Tabi ni Deyou, Horobiyuku Sekai no Hate Made",https://ln.hako.vn/truyen/12-tabi-ni-deyou-horobiyuku-sekai-no-hate-made,Truyện dịch,"['Adventure', 'Fantasy']",Not sure,Not sure,Not sure,japanese,https://2.bp.blogspot.com/-dBM-k8l2XGk/WO2vatvnj9I/AAAAAAAAJx4/_xaOvpa49jE/w215/series_12.jpg,Yorozuya Tadahito,Houmitsu,light novel,Đã hoàn thành,228.0,81387,41.0,43372,25,Our Journey to the End of the Ceasing World,1,EmbersGlow,https://ln.hako.vn/thanh-vien/1,8,Solarius,https://ln.hako.vn/nhom-dich/8-solarius,NOT FOUND,NOT FOUND,NOT FOUND,1,6,11,11,2016,11,11,2016
121,Welcome to the N.H.K,https://ln.hako.vn/truyen/121-welcome-to-the-nhk,Truyện dịch,"['Comedy', 'Drama', 'Romance']",Not sure,Not sure,Not sure,japanese,https://1.bp.blogspot.com/-vDh9Pbkez0I/WO2vrP_49gI/AAAAAAAAJ4s/fE3XUHxuoqQ/w215/series_121.jpg,Tatsuhiko Takimoto,Yoshitoshi ABe.,light novel,Đã hoàn thành,98.0,63441,0,37146,3,NOT FOUND,1,EmbersGlow,https://ln.hako.vn/thanh-vien/1,16,ndqanh_vn,https://ln.hako.vn/nhom-dich/16-ndqanh-vn,NOT FOUND,NOT FOUND,NOT FOUND,1,12,11,11,2016,11,11,2016
122,Ore no Imouto ga Konna ni Kawaii Wake ga Nai,https://ln.hako.vn/truyen/122-ore-no-imouto-ga-konna-ni-kawaii-wake-ga-nai,Truyện dịch,"['Comedy', 'Harem', 'School Life', 'Romance']",Not sure,Not sure,Not sure,japanese,https://4.bp.blogspot.com/-i3mRqNYpQb4/WO2vrGeu7bI/AAAAAAAAJ4w/VgNeIlhQzYM/w215/series_122.jpg,Tsukasa Fushimi,Hiro Kanzaki,light novel,Đã hoàn thành,568.0,697041,67.0,246981,76,"俺の妹がこんなに可愛いわけがない, Em gái tôi không thể đáng yêu thế này",1,EmbersGlow,https://ln.hako.vn/thanh-vien/1,17,GVN.Chaos,https://ln.hako.vn/nhom-dich/17-gvnchaos,NOT FOUND,NOT FOUND,NOT FOUND,15,79,11,11,2016,11,11,2016
123,Ero Manga Sensei: Imouto to Akazu no Ma,https://ln.hako.vn/truyen/123-ero-manga-sensei-imouto-to-akazu-no-ma-new,Truyện dịch,"['Comedy', 'Drama', 'Ecchi', 'Romance']",Not sure,Not sure,Not sure,japanese,https://1.bp.blogspot.com/-8cLo8tYcki0/XCXxcRgJLjI/AAAAAAAB-rg/HDOHpW1E-RgyQx_Dhd7IYCUQC6fz_UOkgCHMYCw/w215/default.jpg,Tsukasa Fushimi,Hiro Kanzaki,light novel,Đang tiến hành,921.0,398955,69.0,280971,147,エロマンガ先生 妹と開かずの間,9,Meiyaku,https://ln.hako.vn/thanh-vien/9,17,GVN.Chaos,https://ln.hako.vn/nhom-dich/17-gvnchaos,11567,Silverlord,https://ln.hako.vn/thanh-vien/11567,11,58,11,11,2016,12,1,2019
125,Kimi to Boku no Uta World's End,https://ln.hako.vn/truyen/125-kimi-to-boku-no-uta-worlds-end,Truyện dịch,"['Drama', 'Slice of Life', 'Romance']",Not sure,Not sure,Not sure,japanese,https://1.bp.blogspot.com/-1Pl6I-elKgo/WO2vrssGJYI/AAAAAAAAJ48/TqF8OIqlyzo/w215/series_125.jpg,Tsumugu Hashimoto,Otohiko Takano.,light novel,Đã hoàn thành,99.0,2994,13.0,26004,7,君と僕の歌 world’s end,1,EmbersGlow,https://ln.hako.vn/thanh-vien/1,1,Hako Translation,https://ln.hako.vn/nhom-dich/1-hako-translation,NOT FOUND,NOT FOUND,NOT FOUND,1,2,11,11,2016,11,11,2016
127,Famima!,https://ln.hako.vn/truyen/127-famima,Truyện dịch,"['Comedy', 'Harem', 'School Life', 'Slice of Life', 'Romance']",Not sure,Not sure,Not sure,japanese,https://1.bp.blogspot.com/-eVwK8poCCSg/WO2vr7ipOnI/AAAAAAAAJ5E/b_qaDsb3VXM/w215/series_127.jpg,Kenji Kube,Takahiro Tsurusaki,light novel,Tạm ngưng,110.0,6811,2.0,20565,8,ふぁみまっ!,36,toruchoo,https://ln.hako.vn/thanh-vien/36,3,Sonata no Koe,https://ln.hako.vn/nhom-dich/3-sonata-no-koe,3,thonglinh90,https://ln.hako.vn/thanh-vien/3,1,3,11,11,2016,11,11,2016
131,Tokyo Ravens,https://ln.hako.vn/truyen/131-tokyo-ravens,Truyện dịch,"['Action', 'Comedy', 'School Life', 'Supernatural', 'Romance', 'Super Power']",Not sure,Not sure,Not sure,japanese,https://i.docln.net/lightnovel/covers/s131-3dddb798-0eeb-42ef-aaaf-d8feb3711080-m.jpg,Kouhei Azano,Sumihei,light novel,Đang tiến hành,114.0,130079,4.0,43230,14,東京レイヴンズ,9,Meiyaku,https://ln.hako.vn/thanh-vien/9,3,Sonata no Koe,https://ln.hako.vn/nhom-dich/3-sonata-no-koe,NOT FOUND,NOT FOUND,NOT FOUND,2,12,11,11,2016,11,11,2016
133,Gensou Sekai no Alice Tale,https://ln.hako.vn/truyen/133-gensou-sekai-no-alice-tale,Truyện dịch,['Fantasy'],Not sure,Not sure,Not sure,japanese,https://3.bp.blogspot.com/-DI9y_6FIdVU/WO2vso7o2-I/AAAAAAAAJ5c/j2BlbHS8D64/w215/series_133.jpg,Seito Yuuichi,NOT FOUND,light novel,Đang tiến hành,85.0,26378,7.0,40542,2,"Dị giới đich moe nữ, Tên Nekama kia không thể dễ thương như vậy đượ, Chuyện nàng Alice",1,EmbersGlow,https://ln.hako.vn/thanh-vien/1,1,Hako Translation,https://ln.hako.vn/nhom-dich/1-hako-translation,NOT FOUND,NOT FOUND,NOT FOUND,1,13,11,11,2016,11,11,2016
138,Campione!,https://ln.hako.vn/truyen/138-campione,Truyện dịch,"['Action', 'Comedy', 'Ecchi', 'Fantasy', 'Harem', 'Supernatural', 'Romance', '']",Not sure,Not sure,Not sure,japanese,https://3.bp.blogspot.com/-Bs5jSIL-CKw/WO2vtQODZEI/AAAAAAAAJ5w/IN2aL-R684o/w215/series_138.jpg,Taketsuki Jou,Sikorsky,light novel,Đang tiến hành,887.0,872856,43.0,241581,95,NOT FOUND,1,EmbersGlow,https://ln.hako.vn/thanh-vien/1,3,Sonata no Koe,https://ln.hako.vn/nhom-dich/3-sonata-no-koe,NOT FOUND,NOT FOUND,NOT FOUND,19,92,11,11,2016,16,9,2022
139,Mushoku Tensei - Isekai Ittara Honki Dasu,https://ln.hako.vn/truyen/139-that-nghiep-tai-sinh,Truyện dịch,"['Action', 'Adventure', 'Fantasy', 'Harem', 'Isekai', 'Web Novel', 'Comedy', 'Ecchi', 'Magic', 'Mature', 'Romance', 'Drama', '']",Yes,Yes,Yes,japanese,https://i2.docln.net/ln/series/covers/s139-92bd7bc1-6a29-4c01-99ce-723be2c8cc2a.jpg,Rifujin na Magonote,Shirotaka,light novel,Đang tiến hành,9937.0,1647744,0,21894137,26735,Thất nghiệp chuyển sinh,NOT FOUND,Chaika,https://ln.hako.vn/thanh-vien/12,2,Chaika,https://ln.hako.vn/nhom-dich/2-chaika,NOT FOUND,NOT FOUND,NOT FOUND,28,292,11,11,2016,1,9,2024
14,Bungaku Shoujo,https://ln.hako.vn/truyen/14-bungaku-shoujo,Truyện dịch,"['Drama', 'Mystery', 'School Life', 'Romance']",Not sure,Not sure,Not sure,japanese,https://4.bp.blogspot.com/-c3cBotWJCmg/WO2vayj5JlI/AAAAAAAAJyA/MnKrJm7ku_k/w215/series_14.jpg,Nomura Mizuki,Takeoka Miho,light novel,Tạm ngưng,133.0,80003,7.0,146697,4,Cô Gái Văn Chương,1,EmbersGlow,https://ln.hako.vn/thanh-vien/1,12,Sickos-Alliance,https://ln.hako.vn/nhom-dich/12-sickos-alliance,NOT FOUND,NOT FOUND,NOT FOUND,3,14,11,11,2016,11,11,2016
140,High School DxD,https://ln.hako.vn/truyen/140-high-school-dxd,Truyện dịch,"['Action', 'Comedy', 'Ecchi', 'Fantasy', 'Harem', 'School Life', 'Supernatural', 'Romance', '']",Not sure,Not sure,Not sure,japanese,https://4.bp.blogspot.com/-vnCWG86Xsx4/WTSvw0-WELI/AAAAAAAAWI4/4ui_UvSfmYczwcZYdkfv1JL8PV3ZzHG8wCHM/w215/default.jpg,Ichiei Ishibumi,Miyama-Zero,light novel,Tạm ngưng,382.0,928524,15.0,287881,24,"ハイスクールD×D, Haisukūru Di Di",13,kysido22,https://ln.hako.vn/thanh-vien/13,1,Hako Translation,https://ln.hako.vn/nhom-dich/1-hako-translation,NOT FOUND,NOT FOUND,NOT FOUND,27,55,11,11,2016,5,6,2017
146,Mondaiji-tachi ga Isekai Kara Kuru Sou Desu yo?,https://ln.hako.vn/truyen/146-mondaiji-tachi-ga-isekai-kara-kuru-soudesu-yo,Truyện dịch,"['Action', 'Adventure', 'Fantasy', 'Comedy', 'Super Power', 'Isekai', 'Science Fiction', '']",Not sure,Not sure,Not sure,japanese,https://i.docln.net/lightnovel/covers/s146-f07555b2-a015-4533-b110-1db9bd60cc63-m.jpg,Tatsunoko Tarou,"Amano Yuu (Mondaiji), Momoco (Last Embryo)",light novel,Đang tiến hành,3276.0,1313871,386.0,2331713,2958,Trẻ hư từ thế giới khác đến quậy phá tưng bừng,34,Beatrix,https://ln.hako.vn/thanh-vien/34,26,TTAS,https://ln.hako.vn/nhom-dich/26-ttas,"898
19487
31721","Nadox
Makai Higanbana
Kalki.A.Vishnu","https://ln.hako.vn/thanh-vien/898
https://ln.hako.vn/thanh-vien/19487
https://ln.hako.vn/thanh-vien/31721",25,277,11,11,2016,13,8,2020
148,Shinonome Yuuko,https://ln.hako.vn/truyen/148-shinonome-yuuko,Truyện dịch,"['Drama', 'Romance']",Not sure,Not sure,Not sure,japanese,https://2.bp.blogspot.com/-8g_hodXluMM/WO2vuqpnEtI/AAAAAAAAJ6Y/OlqsjH5LE-4/w215/series_148.jpg,Bingo Morihashi,Nardack,light novel,Tạm ngưng,244.0,62300,10.0,42912,18,NOT FOUND,578,perfectstrong,https://ln.hako.vn/thanh-vien/578,3,Sonata no Koe,https://ln.hako.vn/nhom-dich/3-sonata-no-koe,NOT FOUND,NOT FOUND,NOT FOUND,3,13,11,11,2016,1,6,2017
15,Dantalian no Shoka,https://ln.hako.vn/truyen/15-dantalian-no-shoka,Truyện dịch,"['Fantasy', 'Mystery', 'Action', 'Drama', 'Supernatural']",Not sure,Not sure,Not sure,japanese,https://i.docln.net/lightnovel/covers/s15-bf265093-cb73-4b92-ad72-975d333e17d2-m.jpg,Mikumo Gakuto,G-Yuusuke,light novel,Tạm ngưng,120.0,59565,6.0,32318,3,Thư viện của Dantalian,1,EmbersGlow,https://ln.hako.vn/thanh-vien/1,12,Sickos-Alliance,https://ln.hako.vn/nhom-dich/12-sickos-alliance,NOT FOUND,NOT FOUND,NOT FOUND,1,8,11,11,2016,11,11,2016
150,Madan no Ou to Vanadis,https://ln.hako.vn/truyen/150-madan-no-ou-to-vanadis,Truyện dịch,"['Action', 'Adventure', 'Fantasy', 'Harem', 'Romance', 'Ecchi']",Not sure,Not sure,Not sure,japanese,https://2.bp.blogspot.com/-9egtnBUQpBo/XDCJPrkr1QI/AAAAAAACAU8/LpYPKTQuc4cBSZyhrZJiuIN4PTOwqpnDgCHMYCw/w215/default.jpg,Tsukasa Kawaguchi,Yoshi ☆ o ; Hinata Katagiri,light novel,Tạm ngưng,1008.0,869056,65.0,344697,227,"魔弾の王と戦姫
King of the Magic Bullet and the Vanadis
Lord Marksman and Vanadis
The King of the Magic Arrow and The War Princesses
Madan no Ou to Senki",13,kysido22,https://ln.hako.vn/thanh-vien/13,3,Sonata no Koe,https://ln.hako.vn/nhom-dich/3-sonata-no-koe,NOT FOUND,NOT FOUND,NOT FOUND,18,83,5,1,2017,5,1,2019
151,Kono Subarashii Sekai Ni Shukufuku o!,https://ln.hako.vn/truyen/151-thuong-de-phu-ho-vung-dat-tuyet-voi-nay,Truyện dịch,"['Comedy', 'Fantasy', 'Romance']",Not sure,Not sure,Not sure,japanese,https://2.bp.blogspot.com/-sBMfVGU__nw/WO2vvHZk0xI/AAAAAAAAJ6k/1ovZJjYZhYE/w215/series_151.jpg,Akatsuki Natsume,Mishima Kurone,light novel,Tạm ngưng,830.0,573244,52.0,306602,50,NOT FOUND,9,Meiyaku,https://ln.hako.vn/thanh-vien/9,1,Hako Translation,https://ln.hako.vn/nhom-dich/1-hako-translation,NOT FOUND,NOT FOUND,NOT FOUND,16,29,11,11,2016,12,12,2017
152,Boku no Bungeibu ni Bitch ga Iru Nante Arienai (1-5),https://ln.hako.vn/truyen/152-boku-no-bungeibu-ni-bitch-ga-iru-nante-arienai,Truyện dịch,"['Comedy', 'Ecchi', 'School Life', 'Harem']",Not sure,Not sure,Not sure,japanese,https://4.bp.blogspot.com/-WbreXPExk44/WaVtxR-IgOI/AAAAAAAAquk/DpKk1z6vfSMPZ_oL1RCU0XzR0vWeH5IJQCHMYCw/w215/default.jpg,Akafuku Yamato,Asakura Hayate,light novel,Tạm ngưng,702.0,296054,31.0,244588,78,僕の文芸部にビッチがいるなんてありえない,1640,OtonashiVinky,https://ln.hako.vn/thanh-vien/1640,183,V for Vinky ヾ(･v ･｡)ｼ,https://ln.hako.vn/nhom-dich/183-v-for-vinky-w,NOT FOUND,NOT FOUND,NOT FOUND,10,52,31,12,2016,29,9,2017
153,Saenai Kanojo no Sodatekata,https://ln.hako.vn/truyen/153-saenai-kanojo-no-sodatekata,Truyện dịch,"['Comedy', 'Harem', 'Romance', 'Drama', 'Ecchi', 'School Life']",Not sure,Not sure,Not sure,japanese,https://1.bp.blogspot.com/-DQ-PIxosvBo/WTZFp0rZKeI/AAAAAAAAWms/W-AuPIxswRMX5UDT55UlI9qczPpsP7T2gCHM/w215/default.jpg,Maruto Fumiaki,Misaki Kurehito,light novel,Tạm ngưng,340.0,81204,13.0,111534,28,"冴えない彼女の育てかた
Saekano
How to Raise a Boring Girlfriend
Saenai Kanojo no Sodate-kata",13,kysido22,https://ln.hako.vn/thanh-vien/13,1,Hako Translation,https://ln.hako.vn/nhom-dich/1-hako-translation,NOT FOUND,NOT FOUND,NOT FOUND,16,32,6,6,2017,16,6,2017
158,Omae wo Onii-chan ni Shite Yarouka!?,https://ln.hako.vn/truyen/158-omae-wo-onii-chan-ni-shite-yarouka,Truyện dịch,"['Comedy', 'Harem', 'Romance', 'Slice of Life']",Not sure,Not sure,Not sure,japanese,https://1.bp.blogspot.com/-fInYvAndbfI/WO2vwKYg7sI/AAAAAAAAJ7A/Gvi1QovxbYs/w215/series_158.jpg,Sugiyama Ryuu,kakao,light novel,Tạm ngưng,330.0,61001,11.0,68348,24,NOT FOUND,25,Heartless Zombie,https://ln.hako.vn/thanh-vien/25,1,Hako Translation,https://ln.hako.vn/nhom-dich/1-hako-translation,NOT FOUND,NOT FOUND,NOT FOUND,1,13,11,11,2016,24,11,2016
16,Zero no Tsukaima,https://ln.hako.vn/truyen/16-zero-no-tsukaima,Truyện dịch,"['Action', 'Adventure', 'Comedy', 'Fantasy', 'Harem', 'Romance']",Not sure,Not sure,Not sure,japanese,https://3.bp.blogspot.com/-R95ey36a2PM/WO2vbBKqAJI/AAAAAAAAJyI/EOsFqFMvc8c/w215/series_16.jpg,Yamaguchi Noboru,Usatsuka Eiji,light novel,Tạm ngưng,199.0,258349,0,91608,14,Linh Thú của Zero,42,MuvLuvFan,https://ln.hako.vn/thanh-vien/42,33,Snail,https://ln.hako.vn/nhom-dich/33-snail,NOT FOUND,NOT FOUND,NOT FOUND,5,43,11,11,2016,31,5,2017
161,Zaregoto,https://ln.hako.vn/truyen/161-zaregoto,Truyện dịch,"['Drama', 'Mystery', 'Suspense']",Not sure,Not sure,Not sure,japanese,https://4.bp.blogspot.com/-Uw6DtCagLMg/WO2vwraQZyI/AAAAAAAAJ7M/7Pi7RrHqCso/w215/series_161.jpg,Nisio Isin,Take,light novel,Đang tiến hành,36.0,20451,0,11228,1,Lời nói đùa,1,EmbersGlow,https://ln.hako.vn/thanh-vien/1,1,Hako Translation,https://ln.hako.vn/nhom-dich/1-hako-translation,NOT FOUND,NOT FOUND,NOT FOUND,1,3,11,11,2016,11,11,2016
162,Angel Beats! Track Zero,https://ln.hako.vn/truyen/162-angel-beats-track-zero,Truyện dịch,"['Action', 'Adventure', 'Comedy', 'Mystery', 'Supernatural']",Not sure,Not sure,Not sure,japanese,https://1.bp.blogspot.com/-qYlRlNK3D2o/WO2vwsO5PVI/AAAAAAAAJ7Q/7pa3vYSLxuY/w215/series_162.jpg,Jun Maeda,GotoP + Na-Ga (Key),light novel,Tạm ngưng,85.0,44834,5.0,28029,5,NOT FOUND,1,EmbersGlow,https://ln.hako.vn/thanh-vien/1,9,Vnsharing,https://ln.hako.vn/nhom-dich/9-vnsharing,NOT FOUND,NOT FOUND,NOT FOUND,1,9,11,11,2016,11,11,2016
163,Death Note: Another Note,https://ln.hako.vn/truyen/163-death-note-another-note,Truyện dịch,"['Drama', 'Horror', 'Mystery', 'Supernatural', 'Psychological']",Not sure,Not sure,Not sure,japanese,https://1.bp.blogspot.com/-yB3OTUPVVws/WO2vw7y7QYI/AAAAAAAAJ7U/q0WLZ171z8U/w215/series_163.jpg,Nisio Isin,Obata Takeshi,light novel,Đã hoàn thành,66.0,55084,13.0,36164,15,NOT FOUND,1,EmbersGlow,https://ln.hako.vn/thanh-vien/1,18,Acid House,https://ln.hako.vn/nhom-dich/18-acid-house,NOT FOUND,NOT FOUND,NOT FOUND,1,8,11,11,2016,11,11,2016
165,Magika No Kenshi To Shoukan Maou,https://ln.hako.vn/truyen/165-magika-no-kenshi-to-shoukan-maou,Truyện dịch,"['Action', 'Adventure', 'Comedy', 'Fantasy', 'Harem', 'Mecha', 'School Life', 'Romance', 'Ecchi', 'Supernatural', '']",Not sure,Not sure,Not sure,japanese,https://1.bp.blogspot.com/-JwY5dlt71Lk/WO2vxDvmcNI/AAAAAAAAJ7c/rC-bLRYgPNs/w215/series_165.jpg,Mihara Mitsuki,CHuN,light novel,Tạm ngưng,273.0,93237,9.0,63868,7,Magika no Kenshi to Vasreus,25,Heartless Zombie,https://ln.hako.vn/thanh-vien/25,1,Hako Translation,https://ln.hako.vn/nhom-dich/1-hako-translation,NOT FOUND,NOT FOUND,NOT FOUND,7,9,11,11,2016,30,5,2017
166,Re:Monster,https://ln.hako.vn/truyen/166-remonster,Truyện dịch,"['Action', 'Adventure', 'Comedy']",Not sure,Not sure,Not sure,japanese,https://4.bp.blogspot.com/-huDFKFsgjV0/WO2vxPlhNOI/AAAAAAAAJ7g/XmLWW-MNXNs/w215/series_166.jpg,Kanekiru Kogitsune,Yamada,light novel,Đang tiến hành,239.0,47114,14.0,100493,27,リ・モンスター,1,EmbersGlow,https://ln.hako.vn/thanh-vien/1,1,Hako Translation,https://ln.hako.vn/nhom-dich/1-hako-translation,NOT FOUND,NOT FOUND,NOT FOUND,1,34,11,11,2016,11,11,2016
17,Infinite Stratos,https://ln.hako.vn/truyen/17-infinite-stratos,Truyện dịch,"['Action', 'Comedy', 'Harem', 'Mecha', 'School Life', 'Science Fiction', 'Romance', 'Ecchi', '']",Not sure,Not sure,Not sure,japanese,https://3.bp.blogspot.com/-CC2aIJdjsso/WO2vboCq2dI/AAAAAAAAJyM/oYwf4hDWx3c/w215/series_17.jpg,Yumizuru Izuru,Okiura,light novel,Đang tiến hành,458.0,381073,21.0,164147,30,NOT FOUND,1,EmbersGlow,https://ln.hako.vn/thanh-vien/1,3,Sonata no Koe,https://ln.hako.vn/nhom-dich/3-sonata-no-koe,NOT FOUND,NOT FOUND,NOT FOUND,8,51,11,11,2016,11,11,2016
170,Absolute Duo,https://ln.hako.vn/truyen/170-absolute-duo,Truyện dịch,"['Action', 'Fantasy', 'Romance', 'Ecchi', 'Harem', 'School Life', 'Supernatural', '']",Yes,Yes,Not sure,japanese,https://3.bp.blogspot.com/-h5RZaOB8520/WO2vyTQIiHI/AAAAAAAAJ7w/i_7FdhEZWI0/w215/series_170.jpg,Hiiragi★Takumi,Asaba Yuu,light novel,Tạm ngưng,204.0,85244,8.0,62933,19,アブソリュート・デュオ,1,EmbersGlow,https://ln.hako.vn/thanh-vien/1,3,Sonata no Koe,https://ln.hako.vn/nhom-dich/3-sonata-no-koe,NOT FOUND,NOT FOUND,NOT FOUND,2,15,11,11,2016,25,11,2016
172,Gakusen Toshi Asterisk,https://ln.hako.vn/truyen/172-gakusen-toshi-asterisk,Truyện dịch,"['Action', 'Comedy', 'Ecchi', 'Fantasy', 'Harem', 'School Life', 'Science Fiction', 'Romance', '']",Not sure,Not sure,Not sure,japanese,https://1.bp.blogspot.com/-Cc-eehgWfKs/WO2vyvSI5HI/AAAAAAAAJ74/S4PO4r5E2Kc/w215/series_172.jpg,Yuu Miyazaki,Okiura,light novel,Tạm ngưng,300.0,67997,9.0,66910,16,"学戦都市アスタリスク
Academy Battle City Asterisk
The Asterisk War: The Academy City on the Water
War-Academy City Asterisk",9,Meiyaku,https://ln.hako.vn/thanh-vien/9,1,Hako Translation,https://ln.hako.vn/nhom-dich/1-hako-translation,NOT FOUND,NOT FOUND,NOT FOUND,10,6,11,11,2016,28,12,2018
175,Sword Art Online Progressive,https://ln.hako.vn/truyen/175-sword-art-online-progressive,Truyện dịch,"['Action', 'Adventure', 'Comedy']",Not sure,Not sure,Not sure,japanese,https://2.bp.blogspot.com/-vWOB80ehogU/WO2vzEO-87I/AAAAAAAAJ8E/ElEOG0GLw2E/w215/series_175.jpg,Kawahara Reki,abec,light novel,Tạm ngưng,203.0,90965,10.0,98100,14,NOT FOUND,578,perfectstrong,https://ln.hako.vn/thanh-vien/578,3,Sonata no Koe,https://ln.hako.vn/nhom-dich/3-sonata-no-koe,NOT FOUND,NOT FOUND,NOT FOUND,1,4,11,11,2016,11,11,2016
176,Aldnoah Zero Extra,https://ln.hako.vn/truyen/176-aldnoah-zero-extra,Truyện dịch,"['Action', 'Drama', 'Mecha', 'Science Fiction', 'Tragedy']",Not sure,Not sure,Not sure,japanese,https://4.bp.blogspot.com/-dQlQvG8mpkQ/WO2vzKRDyAI/AAAAAAAAJ8I/xWtCs2jEoOc/w215/series_176.jpg,Olympus Knights,Sekine Ayumi,light novel,Đang tiến hành,17.0,4895,1.0,13846,5,NOT FOUND,1,EmbersGlow,https://ln.hako.vn/thanh-vien/1,1,Hako Translation,https://ln.hako.vn/nhom-dich/1-hako-translation,NOT FOUND,NOT FOUND,NOT FOUND,1,2,11,11,2016,11,11,2016
178,Washio Sumi wa Yuusha de aru,https://ln.hako.vn/truyen/178-washio-sumi-wa-yuusha-de-aru,Truyện dịch,"['Action', 'Fantasy', 'Slice of Life']",Not sure,Not sure,Not sure,japanese,https://2.bp.blogspot.com/-Naj1_sp-9FM/WO2vzZ1nEJI/AAAAAAAAJ8Q/O9HYcyrLYqg/w215/series_178.jpg,Takahiro,BUNBUN,light novel,Đã hoàn thành,109.0,35797,11.0,36413,2,NOT FOUND,1,EmbersGlow,https://ln.hako.vn/thanh-vien/1,3,Sonata no Koe,https://ln.hako.vn/nhom-dich/3-sonata-no-koe,NOT FOUND,NOT FOUND,NOT FOUND,1,9,11,11,2016,14,11,2016
18,Hidan no Aria,https://ln.hako.vn/truyen/18-hidan-no-aria,Truyện dịch,"['Action', 'Comedy', 'Harem', 'School Life', 'Supernatural', 'Romance', 'Drama', 'Ecchi', 'Super Power', '']",Not sure,Not sure,Not sure,japanese,https://2.bp.blogspot.com/-8T9nWLu1FOI/WO2vbtxFmwI/AAAAAAAAJyQ/DMuu9Q3waF0/w215/series_18.jpg,Akamatsu Chuugaku,Kobuichi,light novel,Tạm ngưng,344.0,495380,14.0,176703,30,Aria the Scarlet Ammo,1,EmbersGlow,https://ln.hako.vn/thanh-vien/1,3,Sonata no Koe,https://ln.hako.vn/nhom-dich/3-sonata-no-koe,11567,Silverlord,https://ln.hako.vn/thanh-vien/11567,22,62,11,11,2016,11,11,2016
181,Nejimaki Seirei Senki - Tenkyou no Alderamin,https://ln.hako.vn/truyen/181-nejimaki-seirei-senki-tenkyou-no-alderamin,Truyện dịch,"['Action', 'Adventure', 'Fantasy', 'Wars']",Not sure,Not sure,Not sure,japanese,https://1.bp.blogspot.com/-CbnN-gzcu2Y/WO2vz3LPBNI/AAAAAAAAJ8c/aroEQ_S4YO4/w215/series_181.jpg,Uno Bokuto,Sanba Sou,light novel,Đang tiến hành,251.0,83040,10.0,42506,8,Alderamin on the sky,712,Hoshino Maria,https://ln.hako.vn/thanh-vien/712,39,Black Knight,https://ln.hako.vn/nhom-dich/39-black-knight,NOT FOUND,NOT FOUND,NOT FOUND,11,7,11,11,2016,11,10,2017
183,"Ore no Nounai Sentakushi ga, Gakuen Love Come o Zenryoku de Jama Shiteiru",https://ln.hako.vn/truyen/183-ore-no-nounai-sentakushi-ga-gakuen-love-come-o-zenryoku-de-jama-shiteiru,Truyện dịch,"['Comedy', 'Fantasy', 'Romance']",Not sure,Not sure,Not sure,japanese,https://2.bp.blogspot.com/--XRvGVjREJ4/WO2v0CaZrsI/AAAAAAAAJ8k/06T4UBA6oMo/w215/series_183.jpg,Takeru Kasukabe,Yukiwo,light novel,Đang tiến hành,152.0,54221,7.0,33918,10,Noucome,1,EmbersGlow,https://ln.hako.vn/thanh-vien/1,3,Sonata no Koe,https://ln.hako.vn/nhom-dich/3-sonata-no-koe,10356,Ciela Waifu,https://ln.hako.vn/thanh-vien/10356,1,9,11,11,2016,11,11,2016
184,Kenja no Deshi wo Nanoru Kenja,https://ln.hako.vn/truyen/184-kenja-no-deshi-wo-nanoru-kenja,Truyện dịch,"['Adventure', 'Fantasy', 'Action', 'Comedy', 'Gender Bender', 'Psychological', 'Shoujo', 'Isekai', '']",Not sure,Not sure,Not sure,japanese,https://4.bp.blogspot.com/-RitEY8l9xz0/XDUJXqRei8I/AAAAAAACBMM/6gqLIgnjhoUYjqdtZ2kUMc3LmjX1MdNjACHMYCw/w215/default.jpg,Ryuusen Hirosugu,Fuzichoco,light novel,Đang tiến hành,725.0,161367,37.0,231295,78,"賢者の弟子を名乗る賢者
현자의 제자를 자칭하는 현자",614,kinesisa,https://ln.hako.vn/thanh-vien/614,1,Hako Translation,https://ln.hako.vn/nhom-dich/1-hako-translation,NOT FOUND,NOT FOUND,NOT FOUND,8,39,11,11,2016,7,3,2018
185,"Omae o Otaku ni Shiteyaru kara, Ore ni Riajuu ni Shitekure!",https://ln.hako.vn/truyen/185-omae-o-otaku-ni-shiteyaru-kara-ore-ni-riajuu-ni-shitekure,Truyện dịch,"['Comedy', 'Harem', 'School Life', 'Romance']",Not sure,Not sure,Not sure,japanese,https://4.bp.blogspot.com/-txhNNDHEXfA/WO2v0VCG5JI/AAAAAAAAJ8s/KCXDGMS2ZFc/w215/series_185.jpg,Murakami Rin,Anapon,light novel,Đang tiến hành,135.0,32317,6.0,20480,0,"Tôi sẽ biến cậu thành otaku, hãy biến tôi thành riajuu!",1,EmbersGlow,https://ln.hako.vn/thanh-vien/1,3,Sonata no Koe,https://ln.hako.vn/nhom-dich/3-sonata-no-koe,NOT FOUND,NOT FOUND,NOT FOUND,1,5,11,11,2016,17,6,2018
195,Seikoku no Dragonar,https://ln.hako.vn/truyen/195-seikoku-no-dragonar,Truyện dịch,"['Action', 'Adventure', 'Comedy', 'Fantasy', 'Romance']",Not sure,Not sure,Not sure,japanese,https://4.bp.blogspot.com/-v-2Aee38c9s/WO2v1mia61I/AAAAAAAAJ9Q/kG3Q42ytg9E/w215/series_195.jpg,Shiki Mizuchi,Kohada Shimesaba,light novel,Đang tiến hành,140.0,123281,6.0,31007,4,"星刻の竜騎士
Seikoku no Dragoner
The Star-Carved Dragner",1,EmbersGlow,https://ln.hako.vn/thanh-vien/1,1,Hako Translation,https://ln.hako.vn/nhom-dich/1-hako-translation,NOT FOUND,NOT FOUND,NOT FOUND,6,14,11,11,2016,4,12,2016
196,"Kenkyo, Kenjitsu o Motto ni Ikite Orimasu!",https://ln.hako.vn/truyen/196-kenkyo-kenjitsu-o-motto-ni-ikite-orimasu,Truyện dịch,"['Comedy', 'School Life', 'Shoujo', 'Slice of Life']",Not sure,Not sure,Not sure,japanese,https://4.bp.blogspot.com/-fTM1DR_8JQo/WO2v1jPWsfI/AAAAAAAAJ9U/NjHPD8B58nA/w215/series_196.jpg,Hiyoko no kēki,NOT FOUND,web novel,Tạm ngưng,37.0,3616,3.0,15269,5,Phương châm sống của tôi là khiêm tốn và thiết thực,55,BúpBội,https://ln.hako.vn/thanh-vien/55,1,Hako Translation,https://ln.hako.vn/nhom-dich/1-hako-translation,NOT FOUND,NOT FOUND,NOT FOUND,1,2,11,11,2016,11,11,2016
199,Gun-ota ga Mahou Sekai ni Tensei Shitara ( WebNovel),https://ln.hako.vn/truyen/199-gun-ota-ga-mahou-sekai-ni-tensei-shitara-webnovel,Truyện dịch,"['Fantasy', 'Harem', 'Action', 'Ecchi', 'Isekai', 'Magic', 'Web Novel', 'Drama', '']",Not sure,Not sure,Not sure,japanese,https://i.docln.net/lightnovel/covers/s199-91b14db6-cae2-4e28-9fcd-5219cfae2b5e-m.jpg,Meikyo Shisui,Suzuri,light novel,Đang tiến hành,1421.0,554504,112.0,686749,1440,軍オタが魔法世界に転生したら、現代兵器で軍隊ハーレムを作っちゃいました！？,4458,ZxVaiChuongxZ,https://ln.hako.vn/thanh-vien/4458,3,Sonata no Koe,https://ln.hako.vn/nhom-dich/3-sonata-no-koe,NOT FOUND,NOT FOUND,NOT FOUND,9,212,3,10,2021,29,11,2021
20,Baka to Test to Shoukanjuu,https://ln.hako.vn/truyen/20-baka-to-test-to-shoukanjuu,Truyện dịch,"['Comedy', 'School Life', 'Romance']",Not sure,Not sure,Not sure,japanese,https://4.bp.blogspot.com/-cnPy89IPAns/WO2vbwYYIzI/AAAAAAAAJyY/7Yae1Bvzt0A/w215/series_20.jpg,Inoue Kenji,Haga Yui,light novel,Đang tiến hành,385.0,936740,22.0,500408,34,"バカとテストと召喚獣
The idiots, The Tests and The Summoned Beasts
Lũ Ngốc, Bài Thi Và Linh Thú Triệu Hồi",1,EmbersGlow,https://ln.hako.vn/thanh-vien/1,3,Sonata no Koe,https://ln.hako.vn/nhom-dich/3-sonata-no-koe,NOT FOUND,NOT FOUND,NOT FOUND,18,164,11,11,2016,6,12,2016
201,Mokushiroku Arisu,https://ln.hako.vn/truyen/201-mokushiroku-arisu,Truyện dịch,"['Action', 'Fantasy', 'School Life']",Not sure,Not sure,Not sure,japanese,https://3.bp.blogspot.com/-iOIpQsdsnmU/WO2v2Z6aT-I/AAAAAAAAJ9k/lu_FhtVVZzc/w215/series_201.jpg,Takaya Kagami,Yuuki Katou,light novel,Tạm ngưng,249.0,109046,13.0,59888,39,"黙示録アリス
Apocalypse Alice",13,kysido22,https://ln.hako.vn/thanh-vien/13,3,Sonata no Koe,https://ln.hako.vn/nhom-dich/3-sonata-no-koe,11567,Silverlord,https://ln.hako.vn/thanh-vien/11567,3,27,11,11,2016,29,11,2018
202,Tsurugi no Joou to Rakuin no Ko,https://ln.hako.vn/truyen/202-tsurugi-no-joou-to-rakuin-no-ko,Truyện dịch,"['Action', 'Fantasy', 'Drama', 'Romance', 'Seinen', 'Tragedy', 'Super Power', 'Supernatural', 'Adventure', 'Historical', 'Military', 'Mystery', '']",Not sure,Not sure,Not sure,japanese,https://i.docln.net/lightnovel/covers/s202-22127517-eda2-459f-bd45-2f66d3960344-m.jpg,Hikaru Sugii,Yu Jin,light novel,Đang tiến hành,636.0,249286,52.0,124017,180,"剣の女王と烙印の仔
The Sword Queen and the Branded Child
Nữ Vương Đao Kiếm và Đứa Trẻ Bị Nguyền Rủa",12377,Dr Karlken,https://ln.hako.vn/thanh-vien/12377,3,Sonata no Koe,https://ln.hako.vn/nhom-dich/3-sonata-no-koe,NOT FOUND,NOT FOUND,NOT FOUND,8,43,11,11,2016,11,7,2017
203,Macaron Daisuki na Onnanoko ga Dounika-Kounika Sennen Ikitsuzukeru Ohanashi,https://ln.hako.vn/truyen/203-macaron-daisuki-na-onnanoko-ga-dounika-kounika-sennen-ikitsuzukeru-ohanashi,Truyện dịch,"['Fantasy', 'Science Fiction', 'Romance']",Not sure,Not sure,Not sure,japanese,https://2.bp.blogspot.com/-cju9A4rCszs/WO2v2h1-hOI/AAAAAAAAJ9s/X8C-Z-_HQ5g/w215/series_203.jpg,Karate,Wannyanpu,light novel,Đã hoàn thành,140.0,49388,19.0,29159,11,NOT FOUND,1,EmbersGlow,https://ln.hako.vn/thanh-vien/1,3,Sonata no Koe,https://ln.hako.vn/nhom-dich/3-sonata-no-koe,NOT FOUND,NOT FOUND,NOT FOUND,1,6,11,11,2016,11,11,2016
204,Hataraku Maou-sama,https://ln.hako.vn/truyen/204-hataraku-maou-sama,Truyện dịch,"['Action', 'Comedy', 'Fantasy', 'Slice of Life', 'Supernatural', 'Romance']",Not sure,Not sure,Not sure,japanese,https://1.bp.blogspot.com/-67XcM4lhymk/WO2v2lubm7I/AAAAAAAAJ9w/QS4P-OOq3TM/w215/series_204.jpg,Wagahara Satoshi,029,light novel,Tạm ngưng,1120.0,800309,65.0,525780,157,Quỷ vương đi làm,25,Heartless Zombie,https://ln.hako.vn/thanh-vien/25,34,Krt Shu,https://ln.hako.vn/nhom-dich/34-krt-shu,11567,Silverlord,https://ln.hako.vn/thanh-vien/11567,25,90,24,12,2018,25,12,2018
205,Harmony,https://ln.hako.vn/truyen/205-harmony,Truyện dịch,"['Action', 'Drama', 'Mystery', 'Science Fiction']",Not sure,Not sure,Not sure,japanese,https://3.bp.blogspot.com/-KohLgmPGUq4/WO2v28XUozI/AAAAAAAAJ90/7zAU4qfpbPw/w215/series_205.jpg,Keikaku Itou,Minato Fumi,light novel,Đã hoàn thành,76.0,85882,11.0,26622,3,NOT FOUND,578,perfectstrong,https://ln.hako.vn/thanh-vien/578,3,Sonata no Koe,https://ln.hako.vn/nhom-dich/3-sonata-no-koe,NOT FOUND,NOT FOUND,NOT FOUND,1,7,11,11,2016,4,4,2018
206,Seiken Tsukai no World Break,https://ln.hako.vn/truyen/206-seiken-tsukai-no-world-break,Truyện dịch,"['Action', 'Fantasy', 'School Life', 'Romance']",Not sure,Not sure,Not sure,japanese,https://2.bp.blogspot.com/-TJ237Sh9i7A/WO2v3M8A3jI/AAAAAAAAJ94/5VzYp1rjeRA/w215/series_206.jpg,Akamitsu Awamura,Refeia,light novel,Đang tiến hành,201.0,89562,11.0,46205,3,"聖剣使いの禁呪詠唱〈ワールドブレイク〉
Seiken Tsukai no Kinju Eishou
World Break - Aria of Curse for a Holy Swordsman",1,EmbersGlow,https://ln.hako.vn/thanh-vien/1,1,Hako Translation,https://ln.hako.vn/nhom-dich/1-hako-translation,NOT FOUND,NOT FOUND,NOT FOUND,18,13,11,11,2016,5,12,2016
207,The New Gate,https://ln.hako.vn/truyen/207-the-new-gate,Truyện dịch,"['Action', 'Adventure', 'Drama', 'Fantasy', 'Harem', 'Super Power', 'Suspense', '']",Not sure,Not sure,Not sure,japanese,https://4.bp.blogspot.com/-Fn-pl7zGxGQ/WO2v3GJypUI/AAAAAAAAJ98/enqLYX-BJFQ/w215/series_207.jpg,Kazanami Shinogi,NOT FOUND,web novel,Đang tiến hành,617.0,222661,20.0,279730,33,NOT FOUND,75,mikasa,https://ln.hako.vn/thanh-vien/75,27,MidNight Owls Team,https://ln.hako.vn/nhom-dich/27-midnight-owls-team,NOT FOUND,NOT FOUND,NOT FOUND,4,16,11,11,2016,5,9,2017
208,Rokka no Yuusha,https://ln.hako.vn/truyen/208-rokka-no-yuusha,Truyện dịch,"['Action', 'Adventure', 'Fantasy', 'Mystery']",Not sure,Not sure,Not sure,japanese,https://4.bp.blogspot.com/-ub5WvSF9_fM/WO2v3dM1cFI/AAAAAAAAJ-A/wheqdD6cEPA/w215/series_208.jpg,Ishio Yamagata,Miyagi,light novel,Đang tiến hành,108.0,86118,7.0,22200,2,NOT FOUND,1,EmbersGlow,https://ln.hako.vn/thanh-vien/1,3,Sonata no Koe,https://ln.hako.vn/nhom-dich/3-sonata-no-koe,NOT FOUND,NOT FOUND,NOT FOUND,1,8,11,11,2016,11,11,2016
209,Dungeon ni Deai wo Motomeru no wa Machigatteiru Darou ka,https://ln.hako.vn/truyen/209-dungeon-ni-deai-wo-motomeru-no-wa-machigatteiru-darou-ka,Truyện dịch,"['Action', 'Adventure', 'Comedy', 'Fantasy', 'Harem', 'Romance']",Not sure,Not sure,Not sure,japanese,https://4.bp.blogspot.com/-PpV7_GUMJzQ/XBXm6vJfL4I/AAAAAAAB7QQ/ZharkZvSfq8E5ecnsk-5u_UIogGiKCp8gCHMYCw/w215/default.jpg,Fujino Omori,Suzuhito Yasuda,light novel,Tạm ngưng,444.0,173167,22.0,146786,40,"Is It Wrong to Try to Pick Up Girls in a Dungeon?
DanMachi
Is It Wrong That I Want to Meet You in a Dungeon
ダンジョンに出会いを求めるのは間違っているだろうか",13,kysido22,https://ln.hako.vn/thanh-vien/13,3,Sonata no Koe,https://ln.hako.vn/nhom-dich/3-sonata-no-koe,NOT FOUND,NOT FOUND,NOT FOUND,14,30,11,11,2016,16,12,2018
21,Waltraute-san no Konkatsu Jijou,https://ln.hako.vn/truyen/21-waltraute-san-no-konkatsu-jijou,Truyện dịch,"['Comedy', 'Fantasy', 'Romance']",Not sure,Not sure,Not sure,japanese,https://1.bp.blogspot.com/-BlAMHl9SQxk/WO2vcC9PHKI/AAAAAAAAJyc/K2JS_65C2tc/w215/series_21.jpg,Kamachi Kazuma,Nagiryo,light novel,Đã hoàn thành,393.0,63028,21.0,74659,38,"Hoàn cảnh dẫn tới cuộc hôn nhân của Waltraute, ヴァルトラウテさんの婚活事情",1,EmbersGlow,https://ln.hako.vn/thanh-vien/1,3,Sonata no Koe,https://ln.hako.vn/nhom-dich/3-sonata-no-koe,NOT FOUND,NOT FOUND,NOT FOUND,1,6,11,11,2016,11,11,2016
210,Unlimited Fafnir,https://ln.hako.vn/truyen/210-unlimited-fafnir,Truyện dịch,"['Fantasy', 'Harem', 'Action', 'Adventure', 'Ecchi', 'Supernatural']",Not sure,Not sure,Not sure,japanese,https://4.bp.blogspot.com/-vr6tBTFGBjQ/WO2v3iL85ZI/AAAAAAAAJ-I/8XHcLgrMddM/w215/series_210.jpg,Tsukasa,Korie Riko,light novel,Đang tiến hành,320.0,431945,11.0,111320,21,"銃皇無尽のファフニール
Juuou Mujin no Fafnir
Anh nỡ quên sao?.",1598,Shiratori Kanae,https://ln.hako.vn/thanh-vien/1598,3,Sonata no Koe,https://ln.hako.vn/nhom-dich/3-sonata-no-koe,NOT FOUND,NOT FOUND,NOT FOUND,16,61,23,11,2016,19,7,2018
212,Legendary Moonlight Sculptor,https://ln.hako.vn/truyen/212-legendary-moonlight-sculptor,Truyện dịch,"['Action', 'Adventure', 'Comedy', 'Drama', 'Fantasy', 'School Life', 'Science Fiction', 'Romance', '']",Not sure,Not sure,Not sure,japanese,https://3.bp.blogspot.com/-gQyeC2WwgFU/WO2v35DNLFI/AAAAAAAAJ-Q/b12bMi08MPY/w215/series_212.jpg,Nam Hi-sung,NOT FOUND,web novel,Đang tiến hành,1175.0,2725961,145.0,2673987,4531,NOT FOUND,13,kysido22,https://ln.hako.vn/thanh-vien/13,42,Đéo cần tên,https://ln.hako.vn/nhom-dich/42-deo-can-ten,NOT FOUND,NOT FOUND,NOT FOUND,45,438,11,11,2016,12,7,2017
214,Konjiki no Word Master,https://ln.hako.vn/truyen/214-konjiki-no-word-master,Truyện dịch,"['Action', 'Fantasy', 'Harem']",Not sure,Not sure,Not sure,japanese,https://3.bp.blogspot.com/-yHhrIQrGj0w/WO2v4LVhBPI/AAAAAAAAJ-Y/KXgcmYVqNGU/w215/series_214.jpg,Tomoto Sui,Sumaki Shungo,light novel,Đang tiến hành,4295.0,551558,432.0,3031213,4571,"Konjiki no Word Master: Yuusha Yonin ni Makikomareta Unique Cheat, The Unique Cheat of The Man Dragged in By The Four Heroes
Ăn một chữ, trả 1 loli, mua 3 thùng phi mang đi mà đựng.",9,Meiyaku,https://ln.hako.vn/thanh-vien/9,36,Hiiro Translation Team,https://ln.hako.vn/nhom-dich/36-hiiro-translation-team,11567,Silverlord,https://ln.hako.vn/thanh-vien/11567,5,244,11,11,2016,2,6,2020
215,Rakudai Kishi no Eiyuutan,https://ln.hako.vn/truyen/215-rakudai-kishi-no-eiyuutan,Truyện dịch,"['Action', 'Fantasy', 'School Life', 'Romance']",Not sure,Not sure,Not sure,japanese,https://1.bp.blogspot.com/-MTdAC1z2OQ8/WO2v4Q6k5OI/AAAAAAAAJ-c/6XnWkoqx5ss/w215/series_215.jpg,Misora Riku,Won,light novel,Đang tiến hành,259.0,129802,6.0,99321,53,Rakudai Kishi no Calvary,13,kysido22,https://ln.hako.vn/thanh-vien/13,3,Sonata no Koe,https://ln.hako.vn/nhom-dich/3-sonata-no-koe,NOT FOUND,NOT FOUND,NOT FOUND,2,14,11,11,2016,11,11,2016
216,Arifureta Shokugyou de Sekai Saikyou,https://ln.hako.vn/truyen/216-arifureta-shokugyou-de-sekai-saikyou,Truyện dịch,"['Action', 'Adventure', 'Comedy', 'Drama', 'Fantasy', 'Harem', 'Romance', '']",Not sure,Not sure,Not sure,japanese,https://4.bp.blogspot.com/-JVqPzrSQWRs/WVc0Z8f4AfI/AAAAAAAAdPk/2eZfK0WNeiY1t1febQv__JSsXzH1h4ErQCHMYCw/w215/default.jpg,Shirakome Ryou (Chuuni Suki),Takayaki,light novel,Đang tiến hành,3505.0,517257,298.0,3438851,3104,ありふれた職業で世界最強,13,kysido22,https://ln.hako.vn/thanh-vien/13,3,Sonata no Koe,https://ln.hako.vn/nhom-dich/3-sonata-no-koe,NOT FOUND,NOT FOUND,NOT FOUND,11,99,1,7,2017,8,11,2017
218,Sekai no Owari no Encore,https://ln.hako.vn/truyen/218-sekai-no-owari-no-encore,Truyện dịch,"['Action', 'Fantasy', 'Harem']",Not sure,Not sure,Not sure,japanese,https://2.bp.blogspot.com/-kBhNQslwFkE/WUtbfwe9OkI/AAAAAAAAbRg/V2idNd4svWUhTNJgDTNEdwc3Fg92vYRAACHMYCw/w215/default.jpg,Kei Sazane,Haruaki Fuyuno,light novel,Đang tiến hành,371.0,92600,12.0,67076,20,"世界の終わりの世界録<アンコール> , Sekai no Owari no Sekairoku<Encore>
Encore of the World’s End
Sekai no Owari no Encore
World's End Encorew",13,kysido22,https://ln.hako.vn/thanh-vien/13,3,Sonata no Koe,https://ln.hako.vn/nhom-dich/3-sonata-no-koe,NOT FOUND,NOT FOUND,NOT FOUND,8,19,22,6,2017,22,6,2017
219,Death March kara Hajimaru Isekai Kyusoukyoku,https://ln.hako.vn/truyen/219-dieu-hanh-tu-than-den-the-gioi-song-song,Truyện dịch,"['Adventure', 'Comedy', 'Fantasy', 'Harem', 'Romance', 'Ecchi', 'Slice of Life', 'Web Novel', 'Isekai', 'Action', 'Cooking', 'Magic', 'Seinen', 'Shounen', '']",Yes,Yes,Yes,japanese,https://i.docln.net/lightnovel/covers/s219-9647c1a2-8244-4747-a9d0-018dda2341cf-m.jpg,AINANA Hiro,shiri,light novel,Đang tiến hành,5181.0,1542840,0,8194277,15550,"デスマーチからはじまる異世界狂想曲
Death Marching to the Parallel World Rhapsody
Desumachi",NOT FOUND,medassin,https://ln.hako.vn/thanh-vien/39,3,Sonata no Koe,https://ln.hako.vn/nhom-dich/3-sonata-no-koe,NOT FOUND,NOT FOUND,NOT FOUND,19,604,11,11,2016,20,6,2024
220,Tsuyokute: New Saga,https://ln.hako.vn/truyen/220-tsuyokute-new-saga,Truyện dịch,"['Action', 'Adventure', 'Comedy', 'Drama', 'Fantasy', 'Harem', 'Romance', '']",Not sure,Not sure,Not sure,japanese,https://4.bp.blogspot.com/-25Zew5cY8eE/WO2v42ltXzI/AAAAAAAAJ-w/G4ucNk62USI/w215/series_220.jpg,Abe Masayuki,Fuse Ryuuta,light novel,Đang tiến hành,189.0,202962,7.0,42550,11,NOT FOUND,1,EmbersGlow,https://ln.hako.vn/thanh-vien/1,3,Sonata no Koe,https://ln.hako.vn/nhom-dich/3-sonata-no-koe,NOT FOUND,NOT FOUND,NOT FOUND,2,32,11,11,2016,29,1,2017
221,Strike the Blood,https://ln.hako.vn/truyen/221-strike-the-blood,Truyện dịch,"['Action', 'Comedy', 'Fantasy']",Not sure,Not sure,Not sure,japanese,https://4.bp.blogspot.com/-ObMKxehu9sg/WWMVrsGtW4I/AAAAAAAAfBA/pAOLQqMvhUURNZG7AbjE7F0Hrq2zybGQgCHMYCw/w215/default.jpg,Gakuto Mikumo,Manyako,light novel,Tạm ngưng,365.0,385477,19.0,130130,9,NOT FOUND,13,kysido22,https://ln.hako.vn/thanh-vien/13,3,Sonata no Koe,https://ln.hako.vn/nhom-dich/3-sonata-no-koe,NOT FOUND,NOT FOUND,NOT FOUND,17,55,10,7,2017,10,7,2017
222,Toradora!,https://ln.hako.vn/truyen/222-toradora,Truyện dịch,"['Comedy', 'Romance']",Not sure,Not sure,Not sure,japanese,https://1.bp.blogspot.com/-_O0rZK24gLE/WO2v5Po8syI/AAAAAAAAJ-4/vXD0_U0jtxA/w215/series_222.jpg,Yuyuko Takemiya,Yasu,light novel,Đã hoàn thành,537.0,684534,80.0,412033,160,NOT FOUND,13,kysido22,https://ln.hako.vn/thanh-vien/13,3,Sonata no Koe,https://ln.hako.vn/nhom-dich/3-sonata-no-koe,3855,Zennomi,https://ln.hako.vn/thanh-vien/3855,10,79,11,11,2016,11,8,2018
224,Thập Nhị Quốc Ký (The Twelve Kingdoms),https://ln.hako.vn/truyen/224-thap-nhi-quoc-ky-the-twelve-kingdoms,Truyện dịch,"['Action', 'Adventure', 'Fantasy']",Not sure,Not sure,Not sure,japanese,https://2.bp.blogspot.com/-2BWw_mdbaKU/WO2v5YHZJZI/AAAAAAAAJ_A/1JdqZQdyFSY/w215/series_224.jpg,Fuyumi Ono,NOT FOUND,web novel,Tạm ngưng,29.0,243752,3.0,20170,2,NOT FOUND,1,EmbersGlow,https://ln.hako.vn/thanh-vien/1,1,Hako Translation,https://ln.hako.vn/nhom-dich/1-hako-translation,NOT FOUND,NOT FOUND,NOT FOUND,7,9,11,11,2016,11,11,2016
225,Slayers,https://ln.hako.vn/truyen/225-slayers,Truyện dịch,"['Action', 'Adventure', 'Comedy', 'Fantasy', 'Drama']",Not sure,Not sure,Not sure,japanese,https://i2.docln.net/ln/series/covers/s225-f46da4ce-2edc-4edb-960f-39faa2e8aaf1.jpg,Hajime Kanzaka,Rui Araizumi,light novel,Tạm ngưng,56.0,357723,0,72507,78,スレイヤーズ,NOT FOUND,Sivala,https://ln.hako.vn/thanh-vien/88077,2204,Dumbface,https://ln.hako.vn/nhom-dich/2204-dumbface,"1
160450","Embers
Wassup, doc?","https://ln.hako.vn/thanh-vien/1
https://ln.hako.vn/thanh-vien/160450",9,57,11,11,2016,1,5,2024
226,Hanbun no Tsuki ga Noboru Sora,https://ln.hako.vn/truyen/226-hanbun-no-tsuki-ga-noboru-sora,Truyện dịch,"['Drama', 'Romance']",Not sure,Not sure,Not sure,japanese,https://1.bp.blogspot.com/-5HCMYTQCu3Q/WO2v5h_HCNI/AAAAAAAAJ_I/ob3xQpNIFfA/w215/series_226.jpg,Tsumugu Hashimoto,Keiji Yamamoto,light novel,Đang tiến hành,91.0,42631,7.0,16374,3,半分の月がのぼる空,1,EmbersGlow,https://ln.hako.vn/thanh-vien/1,3,Sonata no Koe,https://ln.hako.vn/nhom-dich/3-sonata-no-koe,NOT FOUND,NOT FOUND,NOT FOUND,1,6,11,11,2016,11,11,2016
227,Mimizuku to Yoru no Ou,https://ln.hako.vn/truyen/227-mimizuku-to-yoru-no-ou,Truyện dịch,['Fantasy'],Not sure,Not sure,Not sure,japanese,https://i.docln.net/lightnovel/covers/s227-a102be2e-c6c3-4916-bc55-be955ccc08e5-m.jpg,Kougyoku Izuki,NOT FOUND,web novel,Đã hoàn thành,120.0,48012,22.0,34269,9,NOT FOUND,1,EmbersGlow,https://ln.hako.vn/thanh-vien/1,3,Sonata no Koe,https://ln.hako.vn/nhom-dich/3-sonata-no-koe,NOT FOUND,NOT FOUND,NOT FOUND,1,12,11,11,2016,11,11,2016
229,Kagerou Project,https://ln.hako.vn/truyen/229-kagerou-project,Truyện dịch,"['Comedy', 'Drama', 'Mystery', 'Supernatural', 'Romance']",Not sure,Not sure,Not sure,japanese,https://2.bp.blogspot.com/-Kxzz5QEHkRc/WO2v6PGI6OI/AAAAAAAAJ_U/5rXSZk4UzSA/w215/series_229.jpg,Jin,Shidu,light novel,Đang tiến hành,163.0,147895,11.0,58866,6,NOT FOUND,1,EmbersGlow,https://ln.hako.vn/thanh-vien/1,3,Sonata no Koe,https://ln.hako.vn/nhom-dich/3-sonata-no-koe,NOT FOUND,NOT FOUND,NOT FOUND,5,38,11,11,2016,11,11,2016
23,Monogatari Series,https://ln.hako.vn/truyen/23-monogatari-series,Truyện dịch,"['Comedy', 'Drama', 'Harem', 'School Life', 'Supernatural', 'Romance']",Not sure,Not sure,Not sure,japanese,https://3.bp.blogspot.com/-2u6PF-0Vwbk/WO2vceFopnI/AAAAAAAAJyk/x2c5yeNMd8k/w215/series_23.jpg,NisiOisiN,VOFAN,light novel,Tạm ngưng,348.0,675415,31.0,282713,66,Yêu ma kì truyện,1,EmbersGlow,https://ln.hako.vn/thanh-vien/1,1,Hako Translation,https://ln.hako.vn/nhom-dich/1-hako-translation,NOT FOUND,NOT FOUND,NOT FOUND,14,169,11,11,2016,11,11,2016
230,High Speed!,https://ln.hako.vn/truyen/230-high-speed,Truyện dịch,"['School Life', 'Sports']",Not sure,Not sure,Not sure,japanese,https://1.bp.blogspot.com/-XSirFAqm7W0/WO2v6ltRAgI/AAAAAAAAJ_Y/Xadxf_NfGMc/w215/series_230.jpg,Kōji Ōji,Futoshi Nishiya,light novel,Đang tiến hành,8.0,68427,1.0,13704,5,ハイ☆スピード! Hai Supīdo!,13,kysido22,https://ln.hako.vn/thanh-vien/13,3,Sonata no Koe,https://ln.hako.vn/nhom-dich/3-sonata-no-koe,NOT FOUND,NOT FOUND,NOT FOUND,1,9,11,11,2016,11,11,2016
231,Kokoro Connect,https://ln.hako.vn/truyen/231-kokoro-connect,Truyện dịch,"['Comedy', 'Drama', 'Romance']",Not sure,Not sure,Not sure,japanese,https://4.bp.blogspot.com/-pvbs-G0zUVo/WO2v6ll-ubI/AAAAAAAAJ_c/rI0CZG87okk/w215/series_231.jpg,Sadanatsu Anda,Shiromizakan,light novel,Đang tiến hành,113.0,195942,7.0,35802,13,NOT FOUND,9,Meiyaku,https://ln.hako.vn/thanh-vien/9,3,Sonata no Koe,https://ln.hako.vn/nhom-dich/3-sonata-no-koe,NOT FOUND,NOT FOUND,NOT FOUND,3,36,11,11,2016,24,12,2016
232,Taimadou Gakuen 35 Shiken Shoutai,https://ln.hako.vn/truyen/232-taimadou-gakuen-35-shiken-shoutai,Truyện dịch,"['Action', 'Fantasy', 'Harem', 'School Life', 'Romance']",Not sure,Not sure,Not sure,japanese,https://1.bp.blogspot.com/-COrcnqJPfMc/WO2v6w9ahEI/AAAAAAAAJ_g/wlRd3bROXlw/w215/series_232.jpg,YANAGIMI Touki,Kippu,light novel,Đang tiến hành,493.0,422459,26.0,100863,51,Antimagic Academy 35th Test Platoon,9,Meiyaku,https://ln.hako.vn/thanh-vien/9,3,Sonata no Koe,https://ln.hako.vn/nhom-dich/3-sonata-no-koe,11567,Silverlord,https://ln.hako.vn/thanh-vien/11567,15,61,11,11,2016,11,1,2019
234,Haken no Kouki Altina,https://ln.hako.vn/truyen/234-haken-no-kouki-altina,Truyện dịch,"['Action', 'Adventure', 'Drama', 'Fantasy', 'Harem', 'Romance']",Not sure,Not sure,Not sure,japanese,https://2.bp.blogspot.com/-pJxLv21kWyw/WO2v7A8IwRI/AAAAAAAAJ_o/jjRsMid7MR0/w215/series_234.jpg,Yukiya Murasaki,Himesuz,light novel,Đang tiến hành,227.0,58622,4.0,38466,10,NOT FOUND,9,Meiyaku,https://ln.hako.vn/thanh-vien/9,3,Sonata no Koe,https://ln.hako.vn/nhom-dich/3-sonata-no-koe,11567,Silverlord,https://ln.hako.vn/thanh-vien/11567,12,6,11,11,2016,11,11,2016
24,Boku wa Tomodachi ga Sukunai,https://ln.hako.vn/truyen/24-boku-wa-tomodachi-ga-sukunai,Truyện dịch,"['Comedy', 'Harem', 'School Life', 'Romance']",Not sure,Not sure,Not sure,japanese,https://1.bp.blogspot.com/-rPBkBOxeXnc/WO2vcR7mfqI/AAAAAAAAJyo/q-l44vPnitA/w215/series_24.jpg,Hirasaka Yomi,Buriki,light novel,Đang tiến hành,475.0,383212,24.0,220598,169,Tôi không có nhiều bạn,1,EmbersGlow,https://ln.hako.vn/thanh-vien/1,3,Sonata no Koe,https://ln.hako.vn/nhom-dich/3-sonata-no-koe,NOT FOUND,NOT FOUND,NOT FOUND,10,110,11,11,2016,11,11,2016
26,Heavy Object,https://ln.hako.vn/truyen/26-heavy-object,Truyện dịch,"['Action', 'Adventure', 'Comedy', 'Mecha', 'Mystery', 'Science Fiction', 'Drama', '']",Not sure,Not sure,Not sure,japanese,https://2.bp.blogspot.com/-JsTaglFIl2A/WO2vcsXvB3I/AAAAAAAAJyw/EiNi7M-HoFg/w215/series_26.jpg,Kamachi Kazuma,Nagiryo,light novel,Tạm ngưng,165.0,428597,11.0,64511,13,ヘヴィーオブジェクト,1,EmbersGlow,https://ln.hako.vn/thanh-vien/1,3,Sonata no Koe,https://ln.hako.vn/nhom-dich/3-sonata-no-koe,"11567
11907","Silverlord
OmegaSky","https://ln.hako.vn/thanh-vien/11567
https://ln.hako.vn/thanh-vien/11907",6,35,11,11,2016,29,11,2018
27,Suzumiya Haruhi,https://ln.hako.vn/truyen/27-suzumiya-haruhi,Truyện dịch,"['Comedy', 'Science Fiction', 'Romance']",Not sure,Not sure,Not sure,japanese,https://1.bp.blogspot.com/-DBJqWjI5O6Q/WO2vcwHDwNI/AAAAAAAAJy0/MlWANXm8_Vw/w215/series_27.jpg,Tanigawa Nagaru,Itou Noizi,light novel,Tạm ngưng,50.0,52286,4.0,30520,4,NOT FOUND,1,EmbersGlow,https://ln.hako.vn/thanh-vien/1,8,Solarius,https://ln.hako.vn/nhom-dich/8-solarius,NOT FOUND,NOT FOUND,NOT FOUND,1,10,11,11,2016,11,11,2016
31,Toaru Majutsu no Index,https://ln.hako.vn/truyen/31-toaru-majutsu-no-index,Truyện dịch,"['Action', 'Comedy', 'Fantasy', 'Science Fiction', 'Romance']",Not sure,Not sure,Not sure,japanese,https://3.bp.blogspot.com/-258GfyYPMPA/WO2vdY6V52I/AAAAAAAAJzE/5F9n5EIsq84/w215/series_31.jpg,Kamachi Kazuma,Haimura Kiyotaka,light novel,Đang tiến hành,666.0,1898365,35.0,807064,353,NOT FOUND,1,EmbersGlow,https://ln.hako.vn/thanh-vien/1,3,Sonata no Koe,https://ln.hako.vn/nhom-dich/3-sonata-no-koe,3948,itachi,https://ln.hako.vn/thanh-vien/3948,30,257,11,11,2016,11,11,2016
34,Phenomeno,https://ln.hako.vn/truyen/34-phenomeno,Truyện dịch,"['Horror', 'Supernatural']",Not sure,Not sure,Not sure,japanese,https://3.bp.blogspot.com/-7r_oDx-rERI/WO2vd4W8AyI/AAAAAAAAJzQ/L_lcBsaF57c/w215/series_34.jpg,Ninomae Hajime,Abe Yoshitoshi,light novel,Đã hoàn thành,101.0,59559,11.0,39616,8,NOT FOUND,1,EmbersGlow,https://ln.hako.vn/thanh-vien/1,1,Hako Translation,https://ln.hako.vn/nhom-dich/1-hako-translation,NOT FOUND,NOT FOUND,NOT FOUND,1,13,11,11,2016,11,11,2016
36,Tsuki No Sango,https://ln.hako.vn/truyen/36-tsuki-no-sango,Truyện dịch,['Drama'],Not sure,Not sure,Not sure,japanese,https://2.bp.blogspot.com/-2By0hVDU72A/WO2veDrlrVI/AAAAAAAAJzY/tJT1Ud_laoM/w215/series_36.jpg,Kinoko Nasu,"Chihiro Aikura, Takashi Takeuchi",light novel,Đã hoàn thành,122.0,15357,13.0,32603,13,NOT FOUND,1,EmbersGlow,https://ln.hako.vn/thanh-vien/1,1,Hako Translation,https://ln.hako.vn/nhom-dich/1-hako-translation,NOT FOUND,NOT FOUND,NOT FOUND,1,4,11,11,2016,11,11,2016
364,Izure Shinwa no Houkago Sensou,https://ln.hako.vn/truyen/364-izure-shinwa-no-houkago-sensou,Truyện dịch,"['Action', 'Ecchi', 'Fantasy', 'Harem', 'School Life', 'Romance', 'Super Power', '']",Not sure,Not sure,Not sure,japanese,https://1.bp.blogspot.com/-QGUCtlr-Zrs/WO2wIlCw6UI/AAAAAAAAKFw/HyPJyApWk4w/w215/series_364.jpg,Namekojirushi,Youta,light novel,Đang tiến hành,362.0,61899,11.0,55685,23,"A Ragnarok to be a Mythology
A Certain Time's Mythological After-school War
いづれ神話の放課後戦争〈ラグナロク〉",41,hyddty,https://ln.hako.vn/thanh-vien/41,30,Hyddty,https://ln.hako.vn/nhom-dich/30-hyddty,NOT FOUND,NOT FOUND,NOT FOUND,10,17,11,6,2018,26,6,2019
368,Katahane no Riku,https://ln.hako.vn/truyen/368-katahane-no-riku,Truyện dịch,"['Action', 'Drama', 'Fantasy', 'Tragedy']",Not sure,Not sure,Not sure,japanese,https://1.bp.blogspot.com/-VEKgTgfVRhw/WO2wIzk5bUI/AAAAAAAAKF0/FYA9SPVGPZI/w215/series_368.jpg,Teramachi Akeho,Fuzi Choco,light novel,Đang tiến hành,113.0,6401,7.0,15340,1,Biên niên sử Barsac ~ Phiến Dực Riku và Thuần Bạc Rook,1459,Blutskiev,https://ln.hako.vn/thanh-vien/1459,46,Blutskiev,https://ln.hako.vn/nhom-dich/46-blutskiev,NOT FOUND,NOT FOUND,NOT FOUND,1,2,31,1,2017,1,2,2017
377,Gakusen Toshi Asterisk,https://ln.hako.vn/truyen/377-gakusen-toshi-asterick,Truyện dịch,"['Action', 'Comedy', 'Ecchi', 'Fantasy', 'Harem', 'Romance', 'School Life', 'Science Fiction', '']",Not sure,Not sure,Not sure,japanese,https://i.docln.net/lightnovel/covers/s377-f285c9fe-86cf-43a4-b033-4380f79710f3-m.jpg,Yuu Miyazaki,Okiura,light novel,Tạm ngưng,1071.0,169258,59.0,297748,214,"学戦都市アスタリスク
The Asterisk War: The Academy City on the Water",151,HandShakers,https://ln.hako.vn/thanh-vien/151,181,Một người dịch,https://ln.hako.vn/nhom-dich/181-mot-nguoi-dich,NOT FOUND,NOT FOUND,NOT FOUND,12,37,4,2,2017,28,10,2019
381,"Jinrou e no Tensei, Maou no Fukukan",https://ln.hako.vn/truyen/381-dau-thai-thanh-quy-soi-tro-thanh-thuoc-ha-cua-ma-vuong,Truyện dịch,"['Adventure', 'Fantasy', 'Romance', 'Slice of Life']",Not sure,Not sure,Not sure,japanese,https://1.bp.blogspot.com/-mP35xtwvi-M/WO2wJsk710I/AAAAAAAAKGI/AXqFZDJ7Pg4/w215/series_381.jpg,Hyougetsu,Nishieda,light novel,Đang tiến hành,365.0,28201,15.0,51306,16,"Reincarnated into a Werewolf, the Demon Lord Servants : 人 狼 へ の 転 生, 魔王 の 副官",1176,Cá Nóc,https://ln.hako.vn/thanh-vien/1176,48,Hit_game,https://ln.hako.vn/nhom-dich/48-hit-game,NOT FOUND,NOT FOUND,NOT FOUND,1,16,24,2,2017,25,2,2018
387,Zombie no Afureta Sekai de Ore Dake ga Osowarenai,https://ln.hako.vn/truyen/387-zombie-no-afureta-sekai-de-ore-dake-ga-osowarenai,Truyện dịch,"['Adventure', 'Drama', 'Ecchi', 'Horror', 'Mystery', 'Psychological', 'Tragedy', '']",Not sure,Not sure,Not sure,japanese,https://3.bp.blogspot.com/-kl1XSdUoF9s/WO2wJ9l7CiI/AAAAAAAAKGU/ZrzC35ALEco/w215/series_387.jpg,Uraji Rokuro,Saburo,light novel,Đang tiến hành,405.0,11998,0,102399,3,NOT FOUND,1614,Huy Sùng,https://ln.hako.vn/thanh-vien/1614,61,Một Mình Thôi,https://ln.hako.vn/nhom-dich/61-mot-minh-thoi,NOT FOUND,NOT FOUND,NOT FOUND,2,13,7,2,2017,4,4,2017
395,Okashi shokunin no nariagari ~Tensai Patishie no ryouchi keiei~,https://ln.hako.vn/truyen/395-okashi-shokunin-no-nariagari-tensai-patishie-no-ryouchi-keiei,Truyện dịch,"['Comedy', 'Fantasy', 'Romance', 'Slice of Life']",Not sure,Not sure,Not sure,japanese,https://4.bp.blogspot.com/-FVAOkIAjDFo/WO2wKUAsjqI/AAAAAAAAKGg/hL__4EmEXoM/w215/series_395.jpg,Tsukiyo Rui,Miya Kazutomo,light novel,Đang tiến hành,308.0,28856,11.0,31540,6,"Upstart Pastry Chef ~Territory Management of a Genius Pâtissier~
お菓子職人の成り上がり～天才パティシエの領地経営～",3,thonglinh90,https://ln.hako.vn/thanh-vien/3,5,Tendo-Ekyuu,https://ln.hako.vn/nhom-dich/5-tendo-ekyuu,NOT FOUND,NOT FOUND,NOT FOUND,2,12,8,2,2017,25,5,2017
396,"Isekai ni Tensei Shitandakedo Ore, Tensai tte Kanchigai Saretenai ?",https://ln.hako.vn/truyen/396-isekai-ni-tensei-shitandakedo-ore-tensai-tte-kanchigai-saretenai,Truyện dịch,"['Comedy', 'Fantasy', 'School Life']",Not sure,Not sure,Not sure,japanese,https://2.bp.blogspot.com/-P1h_CKONKXE/WO2wKrSWlJI/AAAAAAAAKGk/uYGYo_7X7XM/w215/series_396.jpg,Nyun,Sakana,light novel,Đang tiến hành,451.0,30631,13.0,101600,56,"I GOT REINCARNATED TO ANOTHER WORLD AND MISTAKEN AS A GENIUS?
異世界に転生したんだけど俺、天才って勘違いされてない？",3,thonglinh90,https://ln.hako.vn/thanh-vien/3,5,Tendo-Ekyuu,https://ln.hako.vn/nhom-dich/5-tendo-ekyuu,NOT FOUND,NOT FOUND,NOT FOUND,2,13,8,2,2017,12,7,2017
397,LV999 Villager,https://ln.hako.vn/truyen/397-lv999-villager-new,Truyện dịch,"['Action', 'Adventure', 'Comedy', 'Drama', 'Fantasy', 'Shounen']",Not sure,Not sure,Not sure,japanese,https://3.bp.blogspot.com/-wTntkD5ajnQ/WO2wKsIAcHI/AAAAAAAAKGo/ZN6K09OXXOw/w215/series_397.jpg,Hoshitsuki kitten,Fuumi,light novel,Đang tiến hành,714.0,134802,28.0,118574,41,"Lv999 no Murabito, LV999の村人",6491,DWR Team,https://ln.hako.vn/thanh-vien/6491,100,DWR,https://ln.hako.vn/nhom-dich/100-doge,"1176
4731
5195","Cá Nóc
Suu™
Trevorcullencr","https://ln.hako.vn/thanh-vien/1176
https://ln.hako.vn/thanh-vien/4731
https://ln.hako.vn/thanh-vien/5195",2,21,10,2,2017,6,9,2018
406,Chuuko demo Koi ga Shitai!,https://ln.hako.vn/truyen/406-chuuko-demo-koi-ga-shitai,Truyện dịch,"['Action', 'Comedy', 'Drama', 'Ecchi', 'Harem', 'Romance', 'School Life', '']",Not sure,Not sure,Not sure,japanese,https://1.bp.blogspot.com/-z0e9FGHqyvU/WO2wLMdh76I/AAAAAAAAKG0/1w16bc3Yg0M/w215/series_406.jpg,Tao Noritake,ReDrop,light novel,Tạm ngưng,165.0,85767,2.0,23297,7,"中古でも恋がしたい!
Even a ‘used goods’ wants to experience love
Ngay cả “hàng đã qua sử dụng” cũng muốn trải nghiệm tình yêu",3,thonglinh90,https://ln.hako.vn/thanh-vien/3,1,Hako Translation,https://ln.hako.vn/nhom-dich/1-hako-translation,NOT FOUND,NOT FOUND,NOT FOUND,1,1,12,2,2017,12,2,2017
408,Zero Kara Hajimeru Mahou No Sho,https://ln.hako.vn/truyen/408-zero-kara-hajimeru-mahou-no-sho,Truyện dịch,"['Action', 'Adventure', 'Fantasy', 'Supernatural']",Not sure,Not sure,Not sure,japanese,https://4.bp.blogspot.com/-baCe9GI59oE/WO2wLMgf3OI/AAAAAAAAKG4/NCmKM3WtoJw/w215/series_408.jpg,Kakeru Kobashiri,Yoshinori Shizuma,light novel,Đang tiến hành,190.0,62348,0,27190,61,NOT FOUND,8,nobrain,https://ln.hako.vn/thanh-vien/8,1,Hako Translation,https://ln.hako.vn/nhom-dich/1-hako-translation,NOT FOUND,NOT FOUND,NOT FOUND,1,7,20,2,2017,11,5,2017
409,Isekai Mahou wa Okureteru!,https://ln.hako.vn/truyen/409-isekai-mahou-wa-okureteru,Truyện dịch,"['Action', 'Adventure', 'Fantasy', 'Harem', 'Romance', 'Shounen']",Not sure,Not sure,Not sure,japanese,https://2.bp.blogspot.com/-hMJCWQEqQYg/WSlRgLBjvOI/AAAAAAAAUV0/nMkG57kyy8QkOq_PEDt-oJ4tWk4yenCRwCHM/w215/default.jpg,Gamei Hitsuji,himesuz,light novel,Tạm ngưng,971.0,134353,30.0,291106,94,"異世界魔法は遅れてる!
The different world magic is too behind!",9,Meiyaku,https://ln.hako.vn/thanh-vien/9,5,Tendo-Ekyuu,https://ln.hako.vn/nhom-dich/5-tendo-ekyuu,NOT FOUND,NOT FOUND,NOT FOUND,8,33,14,2,2017,10,10,2017
418,Jinsei Reset Button,https://ln.hako.vn/truyen/418-jinsei-reset-button,Truyện dịch,"['Shounen', 'Drama', 'Mystery']",Not sure,Not sure,Not sure,japanese,https://3.bp.blogspot.com/--H_ewrC97XM/WO2wLsHvxJI/AAAAAAAAKHI/M10HPfTVreE/w215/series_418.jpg,"Kemu Voxx, Kimoto Masahiko",Hatsuko,light novel,Đang tiến hành,58.0,6613,3.0,11796,2,"Jinsei Risetto Botan
人生リセットボタン
Life Reset Button",1855,Ayano,https://ln.hako.vn/thanh-vien/1855,61,Một Mình Thôi,https://ln.hako.vn/nhom-dich/61-mot-minh-thoi,NOT FOUND,NOT FOUND,NOT FOUND,1,5,15,5,2017,10,5,2017
424,Tensei Shitara Slime datta ken,https://ln.hako.vn/truyen/424-tensei-shitara-slime-datta-ken,Truyện dịch,"['Action', 'Adventure', 'Comedy', 'Drama', 'Fantasy', 'Gender Bender', 'Shounen', 'Supernatural', 'Isekai', 'Slice of Life', 'Web Novel', 'Magic', '']",Yes,Yes,Not sure,japanese,https://i.docln.net/lightnovel/covers/s424-f8ee7ddd-d0d0-4f67-bb13-33667bbeb90d-m.jpg,Fuse,Kawakami Taiki (magaka),light novel,Đang tiến hành,6429.0,495527,824.0,8600595,5915,Regarding My Reincarnation as a Slime,1299,Jade Nara,https://ln.hako.vn/thanh-vien/1299,59,End of Horizon,https://ln.hako.vn/nhom-dich/59-end-of-horizon,"1861
2934
3102","Royal Hà
Ngọ Thành Long
Dante","https://ln.hako.vn/thanh-vien/1861
https://ln.hako.vn/thanh-vien/2934
https://ln.hako.vn/thanh-vien/3102",6,129,18,2,2017,30,1,2020
428,Manga wo Yomeru Ore ga Sekai Saikyou,https://ln.hako.vn/truyen/428-manga-wo-yomeru-ore-ga-sekai-saikyou,Truyện dịch,"['Adventure', 'Comedy', 'Fantasy', 'Romance', 'Slice of Life', 'Harem']",Not sure,Not sure,Not sure,japanese,https://4.bp.blogspot.com/-hTYr8lEy-cU/WO2wMD8neeI/AAAAAAAAKHU/kNktz8HIIHc/w215/series_428.jpg,Nazuna Miki,Wataame,light novel,Tạm ngưng,1092.0,70506,63.0,294268,353,"マンガを読めるおれが世界最強
I am a world's strongest, because I can read a MANGA
Tôi mạnh nhất thế giới bởi vì tôi có thể đọc được manga...",29538,Tsuyako,https://ln.hako.vn/thanh-vien/29538,1,Hako Translation,https://ln.hako.vn/nhom-dich/1-hako-translation,NOT FOUND,NOT FOUND,NOT FOUND,6,55,24,2,2017,17,8,2018
429,Zettai ni Hatarakitakunai Dungeon Master ga Damin wo Musaboru made,https://ln.hako.vn/truyen/429-lazy-dungeon-master,Truyện dịch,"['Action', 'Adventure', 'Comedy', 'Fantasy', 'Harem', 'Romance', 'Shounen', 'Web Novel', 'Drama', 'Slice of Life', '']",Not sure,Not sure,Not sure,japanese,https://i.docln.net/lightnovel/covers/s429-dd429e0a-7ff4-4407-8158-9b66fddff5e4-m.jpg,Spanner Onikage,Youta,light novel,Đang tiến hành,5482.0,515637,0,3534000,9496,"Lazy Dungeon Master
Tôi hoàn toàn không muốn trở thành chủ nhân của hầm ngục cho tới khi nào tận hưởng hết sự lười biếng này",NOT FOUND,thienbangno,https://ln.hako.vn/thanh-vien/1707,90,ALL IN LOVE,https://ln.hako.vn/nhom-dich/90-all-in-love,NOT FOUND,NOT FOUND,NOT FOUND,28,370,22,5,2017,13,5,2024
43,Durarara!!,https://ln.hako.vn/truyen/43-durarara,Truyện dịch,"['Action', 'Drama', 'Supernatural', 'Romance', 'Comedy', 'Mystery', 'School Life', '']",Not sure,Not sure,Not sure,japanese,https://3.bp.blogspot.com/-rYK4g8znePI/WO2vfL7XGgI/AAAAAAAAJz0/bGklE7BvKPM/w215/series_43.jpg,Ryohgo Narita,Suzuhito Yasuda,light novel,Tạm ngưng,60.0,79947,5.0,33040,3,NOT FOUND,1,EmbersGlow,https://ln.hako.vn/thanh-vien/1,13,earl_panda,https://ln.hako.vn/nhom-dich/13-earl-panda,NOT FOUND,NOT FOUND,NOT FOUND,1,15,11,11,2016,11,11,2016
441,Kare to Hitokui no Nichijiou,https://ln.hako.vn/truyen/441-kare-to-hitokui-no-nichijiou,Truyện dịch,"['Comedy', 'Drama', 'Horror', 'Mystery', 'Romance', 'School Life', 'Supernatural', '']",Not sure,Not sure,Not sure,japanese,https://4.bp.blogspot.com/-YrZOHtNUxYo/Wb3e9KebxVI/AAAAAAAAtJc/QlkWvPNUSagdYWhd2sPbNJ31b3sQ_HC3ACHMYCw/w215/default.jpg,Kasuga Ayumu,Kamisaka Neko,light novel,Đang tiến hành,472.0,125311,24.0,71800,64,NOT FOUND,1940,Claudius,https://ln.hako.vn/thanh-vien/1940,61,Một Mình Thôi,https://ln.hako.vn/nhom-dich/61-mot-minh-thoi,NOT FOUND,NOT FOUND,NOT FOUND,4,20,19,3,2017,20,4,2017
446,I reincarnated into an otome game as a villainess with only destruction flags...,https://ln.hako.vn/truyen/446-i-reincarnated-into-an-otome-game-as-a-villainess-with-only-destruction-flags,Truyện dịch,"['Comedy', 'Harem', 'Romance', 'School Life', 'Shoujo ai', 'Slice of Life', 'Otome Game', '']",Not sure,Not sure,Not sure,japanese,https://2.bp.blogspot.com/-DsZ4Aa7Si4A/WO2wNfXk3yI/AAAAAAAAKH4/g1AFxFOyhUA/w215/series_446.jpg,Yamaguchi Satoru (山口悟),Hidaka Nami (ひだかなみ),light novel,Đã hoàn thành,829.0,152243,57.0,522330,379,"Destruction Flag Otome
Tôi luân hồi vào thế giới otome game làm một nữ phản diện chỉ có toàn death flag...
乙女ゲームの破滅フラグしかない悪役令嬢に転生してしまった…",29,la0o9,https://ln.hako.vn/thanh-vien/29,15,Time To Spare,https://ln.hako.vn/nhom-dich/15-time-to-spare,NOT FOUND,NOT FOUND,NOT FOUND,3,50,23,2,2017,28,5,2017
447,Tensei shitara doragon no tamago datta ~ saikyō igai mezasane ~e ~,https://ln.hako.vn/truyen/447-reincarnated-as-a-dragons-egg-lets-aim-to-be-the-strongest,Truyện dịch,"['Action', 'Adventure', 'Comedy', 'Fantasy', 'Slice of Life', 'Supernatural', 'Isekai', 'Drama', 'Suspense', 'Magic', 'Mystery', '']",Not sure,Not sure,Not sure,japanese,https://i.docln.net/lightnovel/covers/s447-f0a304f0-7ce4-4255-ad00-7b8a701614b6-m.jpg,Nekoko,NAJI,light novel,Đang tiến hành,4858.0,1094378,0,6854321,22941,"Reincarnated as a Dragon’s Egg ~ Lets Aim to Be the Strongest ~
Tái sinh là một quả trứng rồng ~ Hướng về mục tiêu trở thành kẻ mạnh nhất ~",NOT FOUND,phcom0101,https://ln.hako.vn/thanh-vien/19205,691,Furry Break the 4th Wall,https://ln.hako.vn/nhom-dich/691-furry-break-the-4th-wall,NOT FOUND,NOT FOUND,NOT FOUND,17,772,24,2,2017,22,9,2023
448,Young God Divine Armaments,https://ln.hako.vn/truyen/448-young-god-divine-armaments,Truyện dịch,"['Action', 'Adventure', 'Comedy', 'Ecchi', 'Fantasy', 'Harem', 'Romance', 'Shounen', '']",Not sure,Not sure,Not sure,japanese,https://3.bp.blogspot.com/-Zl4I565D-Os/WO2wNoDn_nI/AAAAAAAAKIA/UgcJAdLnSxY/w215/series_448.jpg,Hondou Yuuki - 本堂ゆうき,NOT FOUND,light novel,Tạm ngưng,221.0,14462,0,28301,3,Jingi wo Suberu Waka Kami-sama ~Senshin no Isekai Harem Funtou Ki~,1176,Cá Nóc,https://ln.hako.vn/thanh-vien/1176,48,Hit_game,https://ln.hako.vn/nhom-dich/48-hit-game,1974,tuanrias1908,https://ln.hako.vn/thanh-vien/1974,1,4,24,2,2017,7,6,2017
468,"(Um, Sorry) I’ve Been Reincarnated!",https://ln.hako.vn/truyen/468-um-sorry-ive-been-reincarnated,Truyện dịch,"['Adventure', 'Fantasy', 'School Life', 'Shounen']",Not sure,Not sure,Not sure,japanese,https://2.bp.blogspot.com/-ciuJHNqZ2iQ/WO2wOLtgubI/AAAAAAAAKIQ/rG2aYbCj2sg/w215/series_468.jpg,ヘッドホン侍 (Heddohon samurai?),NOT FOUND,web novel,Tạm ngưng,361.0,11223,15.0,65902,38,"Tensei shichatta yo
「転生しちゃったよ（いや、ごめん）」
(Ừm, Xin lỗi) Tôi vô tình đầu thai.",1463,blueeyekr,https://ln.hako.vn/thanh-vien/1463,57,JakKupi,https://ln.hako.vn/nhom-dich/57-jakkupi,NOT FOUND,NOT FOUND,NOT FOUND,2,12,1,3,2017,26,3,2017
479,Doudemo ii sekai nante,https://ln.hako.vn/truyen/479-doudemo-ii-sekai-nante,Truyện dịch,"['Science Fiction', 'Super Power', 'Supernatural']",Not sure,Not sure,Not sure,japanese,https://4.bp.blogspot.com/-VnCTvLgg3IU/WO2wOQvNQ5I/AAAAAAAAKIY/YZ-vP_dGKGw/w215/series_479.jpg,Wataru Watari,Saitom,light novel,Đang tiến hành,85.0,29818,7.0,17643,7,"I really don't care this world
tôi thực sự chả quan tâm đến thế giới này",2137,Anime IML,https://ln.hako.vn/thanh-vien/2137,63,Crepuscolo,https://ln.hako.vn/nhom-dich/63-otaku,NOT FOUND,NOT FOUND,NOT FOUND,1,8,7,3,2017,30,3,2017
486,No Game No Life,https://ln.hako.vn/truyen/486-no-game-no-life,Truyện dịch,"['Adventure', 'Fantasy', 'Romance']",Not sure,Not sure,Not sure,japanese,https://1.bp.blogspot.com/-W4jGl-lzbAI/WO2wOvk2_eI/AAAAAAAAKIc/oljHbTZ7yiA/w215/series_486.jpg,Kamiya Yuu,Kamiya Yuu,light novel,Tạm ngưng,756.0,357404,40.0,165358,78,ノーゲーム・ノーライフ,9,Meiyaku,https://ln.hako.vn/thanh-vien/9,1,Hako Translation,https://ln.hako.vn/nhom-dich/1-hako-translation,NOT FOUND,NOT FOUND,NOT FOUND,6,24,7,3,2017,19,5,2017
60,Date A Live,https://ln.hako.vn/truyen/60-date-a-live,Truyện dịch,"['Comedy', 'Harem', 'School Life', 'Science Fiction', 'Romance', 'Action', 'Ecchi', 'Fantasy', '']",Not sure,Not sure,Not sure,japanese,https://1.bp.blogspot.com/-RFGj8YBpLCs/WZxMi00AfbI/AAAAAAAApU4/uQ4ZfwlajtsQHyo5ALwV31ZtnApKDDB_ACHMYCw/w215/default.jpg,Tachibana Koushi,Tsunako,light novel,Tạm ngưng,1272.0,706851,69.0,1014664,165,NOT FOUND,25,Heartless Zombie,https://ln.hako.vn/thanh-vien/25,3,Sonata no Koe,https://ln.hako.vn/nhom-dich/3-sonata-no-koe,30,H.B.K,https://ln.hako.vn/thanh-vien/30,19,72,22,8,2017,23,8,2017
64,Ore no Real to Netgame ga Love Comedy ni Shinshokusare Hajimete Yabai (1-5),https://ln.hako.vn/truyen/64-ore-no-real-to-netgame-ga-love-comedy-ni-shinshokusare-hajimete-yabai,Truyện dịch,"['Adventure', 'Comedy', 'Harem', 'Romance']",Not sure,Not sure,Not sure,japanese,https://1.bp.blogspot.com/-LNHbKsd0vgU/WO2vigXC8FI/AAAAAAAAJ1I/shqlws1gplY/w215/series_64.jpg,Fujitani Aru,Mishima Kurone,light novel,Tạm ngưng,864.0,228257,48.0,202935,90,"俺のリアルとネトゲがラブコメに侵蝕され始めてヤバイ
Đời sống thực và game của tôi bắt đầu bị xâm lăng bởi sự lãng mạn hài hước mới chết",1640,OtonashiVinky,https://ln.hako.vn/thanh-vien/1640,183,V for Vinky ヾ(･v ･｡)ｼ,https://ln.hako.vn/nhom-dich/183-v-for-vinky-w,1,EmbersGlow,https://ln.hako.vn/thanh-vien/1,6,47,27,5,2017,7,6,2018
67,Kikou Shoujo wa Kizutsukanai,https://ln.hako.vn/truyen/67-kikou-shoujo-wa-kizutsukanai,Truyện dịch,"['Action', 'Fantasy', 'School Life', 'Romance']",Not sure,Not sure,Not sure,japanese,https://3.bp.blogspot.com/-lfDKZP6kqqw/WO2vi3IzLhI/AAAAAAAAJ1U/Qn1TsZcpDQ0/w215/series_67.jpg,Reiji Kaitou,Ruroo,light novel,Tạm ngưng,173.0,99432,7.0,41685,29,Unbreakable Machine Doll,41,hyddty,https://ln.hako.vn/thanh-vien/41,30,Hyddty,https://ln.hako.vn/nhom-dich/30-hyddty,NOT FOUND,NOT FOUND,NOT FOUND,2,14,11,11,2016,11,12,2016
68,Kamisu Reina,https://ln.hako.vn/truyen/68-kamisu-reina,Truyện dịch,"['Drama', 'School Life']",Not sure,Not sure,Not sure,japanese,https://4.bp.blogspot.com/-leC0fV3ISbI/WO2vjLBhnHI/AAAAAAAAJ1Y/tywe7j5AsT4/w215/series_68.jpg,Mikage Eiji,NOT FOUND,light novel,Tạm ngưng,47.0,13652,4.0,12550,3,NOT FOUND,1,EmbersGlow,https://ln.hako.vn/thanh-vien/1,8,Solarius,https://ln.hako.vn/nhom-dich/8-solarius,NOT FOUND,NOT FOUND,NOT FOUND,1,1,11,11,2016,11,11,2016
74,Shuuen no Shiori,https://ln.hako.vn/truyen/74-shuuen-no-shiori,Truyện dịch,"['Horror', 'Supernatural']",Not sure,Not sure,Not sure,japanese,https://3.bp.blogspot.com/-M-6vkrYx9lg/WO2vj2yyHvI/AAAAAAAAJ1w/PzcidroSpVM/w215/series_74.jpg,Suzumu,Komine,light novel,Tạm ngưng,89.0,41038,3.0,37385,0,Dấu trang của kết thúc,1,EmbersGlow,https://ln.hako.vn/thanh-vien/1,3,Sonata no Koe,https://ln.hako.vn/nhom-dich/3-sonata-no-koe,NOT FOUND,NOT FOUND,NOT FOUND,1,10,11,11,2016,11,11,2016
77,Hyouketsu Kyoukai no Eden,https://ln.hako.vn/truyen/77-hyouketsu-kyoukai-no-eden,Truyện dịch,"['Action', 'Drama', 'Fantasy', 'Romance', 'Harem', 'Seinen', 'Supernatural', '']",Not sure,Not sure,Not sure,japanese,https://2.bp.blogspot.com/-WEtoezRBZFc/WO2vkZDQIeI/AAAAAAAAJ18/oL2NwpoEYzU/w215/series_77.jpg,Sazane Kei,Kasukabe Akira,light novel,Đang tiến hành,699.0,469313,48.0,258907,122,NOT FOUND,25295,Crashcrane,https://ln.hako.vn/thanh-vien/25295,1,Hako Translation,https://ln.hako.vn/nhom-dich/1-hako-translation,NOT FOUND,NOT FOUND,NOT FOUND,13,59,11,11,2016,17,6,2019
8,Sayonara Piano Sonata,https://ln.hako.vn/truyen/8-sayonara-piano-sonata,Truyện dịch,"['Drama', 'Romance']",Not sure,Not sure,Not sure,japanese,https://4.bp.blogspot.com/-BtMZ7dWSY0s/WO2vaGex_JI/AAAAAAAAJxo/Rgvg3AoYvx0/w215/series_8.jpg,Sugii Hikaru,Ueda Ryo,light novel,Đã hoàn thành,338.0,359090,39.0,93608,66,Bản Sô-nát Dương Cầm Li Biệt,2,Hako-chan,https://ln.hako.vn/thanh-vien/2,3,Sonata no Koe,https://ln.hako.vn/nhom-dich/3-sonata-no-koe,10772,smile_de_vn,https://ln.hako.vn/thanh-vien/10772,5,59,26,8,2019,24,2,2020
80,Hyouka,https://ln.hako.vn/truyen/80-hyouka,Truyện dịch,"['Drama', 'Mystery', 'School Life', 'Romance']",Not sure,Not sure,Not sure,japanese,https://3.bp.blogspot.com/-28VzsLKLZ-k/WO2vk02yoHI/AAAAAAAAJ2I/s5xI6fp-6Sg/w215/series_80.jpg,Yonezawa Honobu,NOT FOUND,web novel,Đang tiến hành,1073.0,537813,114.0,398153,258,NOT FOUND,13,kysido22,https://ln.hako.vn/thanh-vien/13,3,Sonata no Koe,https://ln.hako.vn/nhom-dich/3-sonata-no-koe,NOT FOUND,NOT FOUND,NOT FOUND,7,58,11,11,2016,10,5,2018
81,Byousoku 5 Centimeter,https://ln.hako.vn/truyen/81-byousoku-5-centimeter,Truyện dịch,"['Drama', 'Slice of Life', 'Romance']",Not sure,Not sure,Not sure,japanese,https://2.bp.blogspot.com/-2AGQNpDN47M/WO2vk1hwllI/AAAAAAAAJ2M/MpAT3dHxBxU/w215/series_81.jpg,Makoto Shinkai,n/a,light novel,Đã hoàn thành,227.0,38616,32.0,139506,15,5 centimet một giây,1,EmbersGlow,https://ln.hako.vn/thanh-vien/1,1,Hako Translation,https://ln.hako.vn/nhom-dich/1-hako-translation,NOT FOUND,NOT FOUND,NOT FOUND,5,17,11,11,2016,11,11,2016
87,"Tsukumodou Kottouten - ""Fushigi"" Toriatsukaimasu",https://ln.hako.vn/truyen/87-tsukumodou-kottouten-fushigi-toriatsukaimasu,Truyện dịch,"['Fantasy', 'Supernatural', 'Romance', 'Super Power', 'Suspense']",Not sure,Not sure,Not sure,japanese,https://4.bp.blogspot.com/-hPq05_u1Iow/WO2vljKC7pI/AAAAAAAAJ2k/ErDEnir2kow/w215/series_87.jpg,Odou Akihiko,Satoshi Takeshima,light novel,Tạm ngưng,68.0,48981,4.0,19551,3,Tsukumodo Antique Shop,1,EmbersGlow,https://ln.hako.vn/thanh-vien/1,1,Hako Translation,https://ln.hako.vn/nhom-dich/1-hako-translation,NOT FOUND,NOT FOUND,NOT FOUND,1,3,11,11,2016,11,11,2016
88,Kino no tabi - The Beautiful World,https://ln.hako.vn/truyen/88-kino-no-tabi-the-beautiful-world,Truyện dịch,"['Adventure', 'Drama', 'Fantasy', 'Science Fiction']",Not sure,Not sure,Not sure,japanese,https://3.bp.blogspot.com/-bBO7Q1FYTo8/WO2vl0_5-GI/AAAAAAAAJ2o/rMwOPw4w71I/w215/series_88.jpg,Keiichi Sigsawa,Kouhaku Kuroboshi,light novel,Tạm ngưng,94.0,120008,7.0,59412,7,Hành Trình Của Kino - Thế Giới Tươi Đẹp,1,EmbersGlow,https://ln.hako.vn/thanh-vien/1,1,Hako Translation,https://ln.hako.vn/nhom-dich/1-hako-translation,NOT FOUND,NOT FOUND,NOT FOUND,12,41,11,11,2016,11,11,2016
9,Onii-chan Dakedo Ai Sae Areba Kankeinai yo ne,https://ln.hako.vn/truyen/9-oniichan-dakedo-ai-sae-areba-kankeinai-yo-ne,Truyện dịch,"['Comedy', 'Harem', 'Incest', 'School Life', 'Romance']",Not sure,Not sure,Not sure,japanese,https://2.bp.blogspot.com/-JhxMJBftUkU/WO2vaOYET5I/AAAAAAAAJxs/v_XBaNuQRHs/w215/series_9.jpg,Suzuki Daisuke,Uruu Gekka,light novel,Tạm ngưng,203.0,74943,13.0,58339,28,"Cho dù đó là Onii-chan đi chăng nữa, chỉ cần có tình yêu thì sẽ không có vấn đề gì cả, đúng nhỉ?",27,Nanaya,https://ln.hako.vn/thanh-vien/27,10,Tako & team.,https://ln.hako.vn/nhom-dich/10-tako-team,2,Hako-chan,https://ln.hako.vn/thanh-vien/2,11,14,11,11,2016,11,11,2016
99,Kara no kyoukai - Ranh giới Hư không,https://ln.hako.vn/truyen/99-kara-no-kyoukai-ranh-gioi-hu-khong,Truyện dịch,"['Action', 'Adventure', 'Comedy']",Not sure,Not sure,Not sure,japanese,https://3.bp.blogspot.com/-st9m3n7uOsY/WO2vn5L-YZI/AAAAAAAAJ3U/UM4phGP8sCw/w215/series_99.jpg,Nasu Kinoko,Takeshi Takeuchi,light novel,Tạm ngưng,73.0,23046,4.0,25107,1,NOT FOUND,1,EmbersGlow,https://ln.hako.vn/thanh-vien/1,14,Tangthuvien,https://ln.hako.vn/nhom-dich/14-tangthuvien,NOT FOUND,NOT FOUND,NOT FOUND,2,8,11,11,2016,11,11,2016
